C:/games/MB/AC/00.p	PKFileInfo (MBAC .p)	.EX3	4c4c4946	2564	94703612
C:/games/MB/AC/01.p	PKFileInfo (MBAC .p)	.EX3	4c4c4946	58	13662855
C:/games/MB/AC/01.p	PKFileInfo (MBAC .p)	.OGG	4f676753	650	28630758
C:/games/MB/AC/01.p	PKFileInfo (MBAC .p)	.TXT	0d0a2032	4	3955
C:/games/MB/AC/01.p	PKFileInfo (MBAC .p)	.TXT	0d0a3235	22	38545
C:/games/MB/AC/01.p	PKFileInfo (MBAC .p)	.TXT	0d0a4250	24	31544
C:/games/MB/AC/01.p	PKFileInfo (MBAC .p)	.TXT	2f2f2083	49	115788
C:/games/MB/AC/01.p	PKFileInfo (MBAC .p)	.TXT	2f2f2089	24	40336
C:/games/MB/AC/01.p	PKFileInfo (MBAC .p)	.TXT	2f2f2d2d	25	34493
C:/games/MB/AC/01.p	PKFileInfo (MBAC .p)	.TXT	31303820	1	431
C:/games/MB/AC/01.p	PKFileInfo (MBAC .p)	.TXT	53746172	1	4988
C:/games/MB/AC/02.p	PKFileInfo (MBAC .p)	.CPF	00000000	6	1160328
C:/games/MB/AC/02.p	PKFileInfo (MBAC .p)	.CPF	03000000	1	193388
C:/games/MB/AC/02.p	PKFileInfo (MBAC .p)	.CPF	16000000	2	386776
C:/games/MB/AC/02.p	PKFileInfo (MBAC .p)	.CPF	17000000	2	386776
C:/games/MB/AC/02.p	PKFileInfo (MBAC .p)	.CPF	18000000	1	193388
C:/games/MB/AC/02.p	PKFileInfo (MBAC .p)	.CPF	19000000	4	773552
C:/games/MB/AC/02.p	PKFileInfo (MBAC .p)	.CPF	1c000000	1	193388
C:/games/MB/AC/02.p	PKFileInfo (MBAC .p)	.CPF	1e000000	13	2514044
C:/games/MB/AC/02.p	PKFileInfo (MBAC .p)	.CPF	2a000000	1	193388
C:/games/MB/AC/02.p	PKFileInfo (MBAC .p)	.CPF	64000000	3	580164
C:/games/MB/AC/02.p	PKFileInfo (MBAC .p)	.CT	00000000	26	231800
C:/games/MB/AC/02.p	PKFileInfo (MBAC .p)	.DAT	48616e74	50	452161212
C:/games/MB/AC/02.p	PKFileInfo (MBAC .p)	.PAL	40000000	24	1572960
C:/games/MB/AC/02.p	PKFileInfo (MBAC .p)	.TXT	2f2f2020	24	120604
C:/games/MB/AC/02.p	PKFileInfo (MBAC .p)	.TXT	2f2f2083	2	9191
C:/games/MB/AC/02.p	PKFileInfo (MBAC .p)	.TXT	5b446566	1	17292
C:/games/MB/AC/02.p	PKFileInfo (MBAC .p)	.TXT	5b506172	1	2957
C:/games/MB/AC/02.p	PKFileInfo (MBAC .p)	.WMT	01000000	1	298
C:/games/MB/AC/02.p	PKFileInfo (MBAC .p)	.WMT	07000000	1	2062
C:/games/MB/AC/02.p	PKFileInfo (MBAC .p)	.WMT	08000000	1	2356
C:/games/MB/AC/02.p	PKFileInfo (MBAC .p)	.WMT	09000000	1	2650
C:/games/MB/AC/02.p	PKFileInfo (MBAC .p)	.WMT	0a000000	1	2944
C:/games/MB/AC/02.p	PKFileInfo (MBAC .p)	.WMT	0b000000	2	6476
C:/games/MB/AC/02.p	PKFileInfo (MBAC .p)	.WMT	0c000000	1	3532
C:/games/MB/AC/02.p	PKFileInfo (MBAC .p)	.WMT	0d000000	1	3826
C:/games/MB/AC/02.p	PKFileInfo (MBAC .p)	.WMT	0e000000	1	4120
C:/games/MB/AC/02.p	PKFileInfo (MBAC .p)	.WMT	0f000000	3	13242
C:/games/MB/AC/02.p	PKFileInfo (MBAC .p)	.WMT	10000000	3	14124
C:/games/MB/AC/02.p	PKFileInfo (MBAC .p)	.WMT	11000000	3	15006
C:/games/MB/AC/02.p	PKFileInfo (MBAC .p)	.WMT	12000000	2	10016
C:/games/MB/AC/02.p	PKFileInfo (MBAC .p)	.WMT	13000000	2	11180
C:/games/MB/AC/02.p	PKFileInfo (MBAC .p)	.WMT	14000000	4	23536
C:/games/MB/AC/02.p	PKFileInfo (MBAC .p)	.WMT	15000000	1	5506
C:/games/MB/AC/03.p	PKFileInfo (MBAC .p)	.CT	19000000	1	5040
C:/games/MB/AC/03.p	PKFileInfo (MBAC .p)	.FNT	2c1e0800	1	312198
C:/games/MB/AC/03.p	PKFileInfo (MBAC .p)	.FNT	2c1e1000	1	1053702
C:/games/MB/AC/03.p	PKFileInfo (MBAC .p)	.FNT	2c1e1800	1	2289542
C:/games/MB/AC/03.p	PKFileInfo (MBAC .p)	.INI	5b444154	1	1982
C:/games/MB/AC/03.p	PKFileInfo (MBAC .p)	.TXT	2f2f2d2d	1	2501
C:/games/MB/AC/04.p	PKFileInfo (MBAC .p)	.OGG	4f676753	2174	43802119
C:/games/MB/AC/05.p	PKFileInfo (MBAC .p)	.DAT	62676d61	68	459700872
C:/games/MB/AC/05.p	PKFileInfo (MBAC .p)	.TXT	32202f2f	1	66
C:/games/MB/AC/10.p	PKFileInfo (MBAC .p)	.OGG	4f676753	44	32760207
C:/games/MB/MeltyBlood/data00.p	PAC v1 (RBO / GOF2, key E3DF59AC)		d993fe3d	4	24652088
C:/games/MB/MeltyBlood/data00.p	PAC v1 (RBO / GOF2, key E3DF59AC)	.MP3	fffa7070	1	699037
C:/games/MB/MeltyBlood/data00.p	PAC v1 (RBO / GOF2, key E3DF59AC)	.MP3	fffa9240	1	5189381
C:/games/MB/MeltyBlood/data00.p	PAC v1 (RBO / GOF2, key E3DF59AC)	.MP3	fffa9260	1	5420095
C:/games/MB/MeltyBlood/data00.p	PAC v1 (RBO / GOF2, key E3DF59AC)	.MP3	fffb9004	2	6271058
C:/games/MB/MeltyBlood/data00.p	PAC v1 (RBO / GOF2, key E3DF59AC)	.MP3	fffb9044	1	130403
C:/games/MB/MeltyBlood/data00.p	PAC v1 (RBO / GOF2, key E3DF59AC)	.MP3	fffb9064	2	5101191
C:/games/MB/MeltyBlood/data00.p	PAC v1 (RBO / GOF2, key E3DF59AC)	.MP3	fffb9204	17	71743922
C:/games/MB/MeltyBlood/data00.p	PAC v1 (RBO / GOF2, key E3DF59AC)	.MP3	fffb9244	5	22900395
C:/games/MB/MeltyBlood/data01.p	PAC v0 (Melty Blood PC .p, key E3DF59AC)	.CT	10000000	1	2180
C:/games/MB/MeltyBlood/data01.p	PAC v0 (Melty Blood PC .p, key E3DF59AC)	.EX3	4c4c4946	346	114511893
C:/games/MB/MeltyBlood/data01.p	PAC v0 (Melty Blood PC .p, key E3DF59AC)	.FNT	2c1e0800	1	312198
C:/games/MB/MeltyBlood/data01.p	PAC v0 (Melty Blood PC .p, key E3DF59AC)	.FNT	2c1e1200	1	1316318
C:/games/MB/MeltyBlood/data01.p	PAC v0 (Melty Blood PC .p, key E3DF59AC)	.TXT	0d0a0d0a	4	2633
C:/games/MB/MeltyBlood/data01.p	PAC v0 (Melty Blood PC .p, key E3DF59AC)	.TXT	0d0a2f2f	1	1830
C:/games/MB/MeltyBlood/data01.p	PAC v0 (Melty Blood PC .p, key E3DF59AC)	.TXT	2f2f2093	16	592
C:/games/MB/MeltyBlood/data01.p	PAC v0 (Melty Blood PC .p, key E3DF59AC)	.TXT	31203020	32	14538
C:/games/MB/MeltyBlood/data01.p	PAC v0 (Melty Blood PC .p, key E3DF59AC)	.TXT	50562030	1	218
C:/games/MB/MeltyBlood/data01.p	PAC v0 (Melty Blood PC .p, key E3DF59AC)	.WAV	52494646	1029	105109007
C:/games/MB/MeltyBlood/data02.p	PAC v0 (Melty Blood PC .p, key E3DF59AC)	.EX3	4c4c4946	154	48011493
C:/games/MB/MeltyBlood/data02.p	PAC v0 (Melty Blood PC .p, key E3DF59AC)	.TXT	0d0a2f2f	2	12356
C:/games/MB/MeltyBlood/data02.p	PAC v0 (Melty Blood PC .p, key E3DF59AC)	.TXT	0d0a4546	6	7641
C:/games/MB/MeltyBlood/data02.p	PAC v0 (Melty Blood PC .p, key E3DF59AC)	.TXT	2f2f2089	9	59620
C:/games/MB/MeltyBlood/data02.p	PAC v0 (Melty Blood PC .p, key E3DF59AC)	.TXT	2f2f8169	34	449817
C:/games/MB/MeltyBlood/data02.p	PAC v0 (Melty Blood PC .p, key E3DF59AC)	.TXT	45462030	8	11524
C:/games/MB/MeltyBlood/data02.p	PAC v0 (Melty Blood PC .p, key E3DF59AC)	.WAV	52494646	25	11369652
C:/games/MB/MeltyBlood/data03.p	PAC v0 (Melty Blood PC .p, key E3DF59AC)	.CPF	00000000	4	773552
C:/games/MB/MeltyBlood/data03.p	PAC v0 (Melty Blood PC .p, key E3DF59AC)	.CPF	1e000000	11	2127268
C:/games/MB/MeltyBlood/data03.p	PAC v0 (Melty Blood PC .p, key E3DF59AC)	.CPF	22000000	1	193388
C:/games/MB/MeltyBlood/data03.p	PAC v0 (Melty Blood PC .p, key E3DF59AC)	.CPF	2a000000	1	193388
C:/games/MB/MeltyBlood/data03.p	PAC v0 (Melty Blood PC .p, key E3DF59AC)	.CPF	32000000	1	193388
C:/games/MB/MeltyBlood/data03.p	PAC v0 (Melty Blood PC .p, key E3DF59AC)	.CPF	3c000000	1	193388
C:/games/MB/MeltyBlood/data03.p	PAC v0 (Melty Blood PC .p, key E3DF59AC)	.CPF	64000000	1	193388
C:/games/MB/MeltyBlood/data03.p	PAC v0 (Melty Blood PC .p, key E3DF59AC)	.CT	01000000	1	4496
C:/games/MB/MeltyBlood/data03.p	PAC v0 (Melty Blood PC .p, key E3DF59AC)	.CT	03000000	1	4496
C:/games/MB/MeltyBlood/data03.p	PAC v0 (Melty Blood PC .p, key E3DF59AC)	.CT	07000000	1	4232
C:/games/MB/MeltyBlood/data03.p	PAC v0 (Melty Blood PC .p, key E3DF59AC)	.CT	0c000000	1	4232
C:/games/MB/MeltyBlood/data03.p	PAC v0 (Melty Blood PC .p, key E3DF59AC)	.CT	15000000	3	13488
C:/games/MB/MeltyBlood/data03.p	PAC v0 (Melty Blood PC .p, key E3DF59AC)	.CT	17000000	2	8992
C:/games/MB/MeltyBlood/data03.p	PAC v0 (Melty Blood PC .p, key E3DF59AC)	.CT	19000000	2	8928
C:/games/MB/MeltyBlood/data03.p	PAC v0 (Melty Blood PC .p, key E3DF59AC)	.CT	1c000000	1	4496
C:/games/MB/MeltyBlood/data03.p	PAC v0 (Melty Blood PC .p, key E3DF59AC)	.CT	1e000000	2	8992
C:/games/MB/MeltyBlood/data03.p	PAC v0 (Melty Blood PC .p, key E3DF59AC)	.CT	28000000	2	8992
C:/games/MB/MeltyBlood/data03.p	PAC v0 (Melty Blood PC .p, key E3DF59AC)	.CT	2d000000	1	4496
C:/games/MB/MeltyBlood/data03.p	PAC v0 (Melty Blood PC .p, key E3DF59AC)	.CT	2e000000	1	4496
C:/games/MB/MeltyBlood/data03.p	PAC v0 (Melty Blood PC .p, key E3DF59AC)	.CT	30000000	1	4496
C:/games/MB/MeltyBlood/data03.p	PAC v0 (Melty Blood PC .p, key E3DF59AC)	.CT2	10000000	1	4232
C:/games/MB/MeltyBlood/data03.p	PAC v0 (Melty Blood PC .p, key E3DF59AC)	.DAT	d993fe3d	18	134813472
C:/games/MB/MeltyBlood/data03.p	PAC v0 (Melty Blood PC .p, key E3DF59AC)	.WMT	01000000	3	480
C:/games/MB/MeltyBlood/data03.p	PAC v0 (Melty Blood PC .p, key E3DF59AC)	.WMT	02000000	1	316
C:/games/MB/MeltyBlood/data03.p	PAC v0 (Melty Blood PC .p, key E3DF59AC)	.WMT	03000000	1	472
C:/games/MB/MeltyBlood/data03.p	PAC v0 (Melty Blood PC .p, key E3DF59AC)	.WMT	05000000	1	774
C:/games/MB/MeltyBlood/data03.p	PAC v0 (Melty Blood PC .p, key E3DF59AC)	.WMT	08000000	1	1252
C:/games/MB/MeltyBlood/data03.p	PAC v0 (Melty Blood PC .p, key E3DF59AC)	.WMT	09000000	3	4224
C:/games/MB/MeltyBlood/data03.p	PAC v0 (Melty Blood PC .p, key E3DF59AC)	.WMT	0a000000	1	1564
C:/games/MB/MeltyBlood/data03.p	PAC v0 (Melty Blood PC .p, key E3DF59AC)	.WMT	0b000000	5	8600
C:/games/MB/MeltyBlood/data03.p	PAC v0 (Melty Blood PC .p, key E3DF59AC)	.WMT	0c000000	1	1876
C:/games/MB/MeltyBlood/data03.p	PAC v0 (Melty Blood PC .p, key E3DF59AC)	.WMT	0d000000	1	2032
C:/games/MB/R/00.p	PAC v0 (Melty Blood PC .p, key E3DF59AC)	.EX3	4c4c4946	843	112755941
C:/games/MB/R/01.p	PAC v0 (Melty Blood PC .p, key E3DF59AC)	.CPF	00000000	4	773552
C:/games/MB/R/01.p	PAC v0 (Melty Blood PC .p, key E3DF59AC)	.CPF	06000000	1	193388
C:/games/MB/R/01.p	PAC v0 (Melty Blood PC .p, key E3DF59AC)	.CPF	16000000	1	193388
C:/games/MB/R/01.p	PAC v0 (Melty Blood PC .p, key E3DF59AC)	.CPF	17000000	2	386776
C:/games/MB/R/01.p	PAC v0 (Melty Blood PC .p, key E3DF59AC)	.CPF	18000000	2	386776
C:/games/MB/R/01.p	PAC v0 (Melty Blood PC .p, key E3DF59AC)	.CPF	19000000	2	386776
C:/games/MB/R/01.p	PAC v0 (Melty Blood PC .p, key E3DF59AC)	.CPF	1c000000	1	193388
C:/games/MB/R/01.p	PAC v0 (Melty Blood PC .p, key E3DF59AC)	.CPF	1e000000	11	2127268
C:/games/MB/R/01.p	PAC v0 (Melty Blood PC .p, key E3DF59AC)	.CPF	2a000000	1	193388
C:/games/MB/R/01.p	PAC v0 (Melty Blood PC .p, key E3DF59AC)	.CPF	64000000	2	386776
C:/games/MB/R/01.p	PAC v0 (Melty Blood PC .p, key E3DF59AC)	.CT	01000000	1	8896
C:/games/MB/R/01.p	PAC v0 (Melty Blood PC .p, key E3DF59AC)	.CT	06000000	1	8896
C:/games/MB/R/01.p	PAC v0 (Melty Blood PC .p, key E3DF59AC)	.CT	0c000000	1	8896
C:/games/MB/R/01.p	PAC v0 (Melty Blood PC .p, key E3DF59AC)	.CT	17000000	1	8896
C:/games/MB/R/01.p	PAC v0 (Melty Blood PC .p, key E3DF59AC)	.CT	1a000000	2	17792
C:/games/MB/R/01.p	PAC v0 (Melty Blood PC .p, key E3DF59AC)	.CT	1b000000	3	26688
C:/games/MB/R/01.p	PAC v0 (Melty Blood PC .p, key E3DF59AC)	.CT	1d000000	1	8896
C:/games/MB/R/01.p	PAC v0 (Melty Blood PC .p, key E3DF59AC)	.CT	22000000	1	8896
C:/games/MB/R/01.p	PAC v0 (Melty Blood PC .p, key E3DF59AC)	.CT	24000000	2	17792
C:/games/MB/R/01.p	PAC v0 (Melty Blood PC .p, key E3DF59AC)	.CT	25000000	3	26688
C:/games/MB/R/01.p	PAC v0 (Melty Blood PC .p, key E3DF59AC)	.CT	28000000	1	8896
C:/games/MB/R/01.p	PAC v0 (Melty Blood PC .p, key E3DF59AC)	.CT	29000000	1	8896
C:/games/MB/R/01.p	PAC v0 (Melty Blood PC .p, key E3DF59AC)	.CT	2c000000	1	8896
C:/games/MB/R/01.p	PAC v0 (Melty Blood PC .p, key E3DF59AC)	.CT	2d000000	1	8896
C:/games/MB/R/01.p	PAC v0 (Melty Blood PC .p, key E3DF59AC)	.CT	2e000000	1	8896
C:/games/MB/R/01.p	PAC v0 (Melty Blood PC .p, key E3DF59AC)	.CT	3b000000	1	8896
C:/games/MB/R/01.p	PAC v0 (Melty Blood PC .p, key E3DF59AC)	.CT	4e000000	1	8896
C:/games/MB/R/01.p	PAC v0 (Melty Blood PC .p, key E3DF59AC)	.DAT	48616e74	23	366074140
C:/games/MB/R/01.p	PAC v0 (Melty Blood PC .p, key E3DF59AC)	.TXT	2f2f2083	1	3816
C:/games/MB/R/01.p	PAC v0 (Melty Blood PC .p, key E3DF59AC)	.WMT	01000000	1	266
C:/games/MB/R/01.p	PAC v0 (Melty Blood PC .p, key E3DF59AC)	.WMT	09000000	2	4724
C:/games/MB/R/01.p	PAC v0 (Melty Blood PC .p, key E3DF59AC)	.WMT	0a000000	2	5248
C:/games/MB/R/01.p	PAC v0 (Melty Blood PC .p, key E3DF59AC)	.WMT	0b000000	2	5772
C:/games/MB/R/01.p	PAC v0 (Melty Blood PC .p, key E3DF59AC)	.WMT	0c000000	1	3148
C:/games/MB/R/01.p	PAC v0 (Melty Blood PC .p, key E3DF59AC)	.WMT	0d000000	1	3410
C:/games/MB/R/01.p	PAC v0 (Melty Blood PC .p, key E3DF59AC)	.WMT	0e000000	2	7344
C:/games/MB/R/01.p	PAC v0 (Melty Blood PC .p, key E3DF59AC)	.WMT	0f000000	1	3934
C:/games/MB/R/01.p	PAC v0 (Melty Blood PC .p, key E3DF59AC)	.WMT	10000000	3	12588
C:/games/MB/R/01.p	PAC v0 (Melty Blood PC .p, key E3DF59AC)	.WMT	11000000	3	13374
C:/games/MB/R/01.p	PAC v0 (Melty Blood PC .p, key E3DF59AC)	.WMT	12000000	2	9440
C:/games/MB/R/01.p	PAC v0 (Melty Blood PC .p, key E3DF59AC)	.WMT	13000000	1	4982
C:/games/MB/R/01.p	PAC v0 (Melty Blood PC .p, key E3DF59AC)	.WMT	14000000	2	10488
C:/games/MB/R/01.p	PAC v0 (Melty Blood PC .p, key E3DF59AC)	.WMT	15000000	1	5506
C:/games/MB/R/02.p	PAC v0 (Melty Blood PC .p, key E3DF59AC)	.DAT	62676d61	44	287667272
C:/games/MB/R/03.p	PAC v0 (Melty Blood PC .p, key E3DF59AC)	.EX3	4c4c4946	91	11101130
C:/games/MB/R/04.p	PAC v0 (Melty Blood PC .p, key E3DF59AC)	.CT	17000000	1	4548
C:/games/MB/R/04.p	PAC v0 (Melty Blood PC .p, key E3DF59AC)	.FNT	2c1e0800	1	312198
C:/games/MB/R/04.p	PAC v0 (Melty Blood PC .p, key E3DF59AC)	.FNT	2c1e1200	1	1316318
C:/games/MB/R/04.p	PAC v0 (Melty Blood PC .p, key E3DF59AC)	.FNT	2c1e1800	1	2289542
C:/games/MB/R/04.p	PAC v0 (Melty Blood PC .p, key E3DF59AC)	.TXT	0d0a0d0a	4	2633
C:/games/MB/R/04.p	PAC v0 (Melty Blood PC .p, key E3DF59AC)	.TXT	31303820	1	431
C:/games/MB/R/04.p	PAC v0 (Melty Blood PC .p, key E3DF59AC)	.TXT	37323030	1	561
C:/games/MB/R/04.p	PAC v0 (Melty Blood PC .p, key E3DF59AC)	.TXT	50562030	1	217
C:/games/MB/R/05.p	PAC v0 (Melty Blood PC .p, key E3DF59AC)	.EX3	4c4c4946	179	698960
C:/games/MB/R/06.p	PAC v0 (Melty Blood PC .p, key E3DF59AC)	.WAV	52494646	2881	217399246
C:/games/MB/R/10.p	PAC v1 (RBO / GOF2, key E3DF59AC)		d993fe3d	1	6163022
C:/games/MB/R/10.p	PAC v1 (RBO / GOF2, key E3DF59AC)	.MP3	fffa7044	1	784428
C:/games/MB/R/10.p	PAC v1 (RBO / GOF2, key E3DF59AC)	.MP3	fffa9044	3	9013254
C:/games/MB/R/10.p	PAC v1 (RBO / GOF2, key E3DF59AC)	.MP3	fffb9044	1	2033371
C:/games/MB/R/10.p	PAC v1 (RBO / GOF2, key E3DF59AC)	.MP3	fffb9064	28	56248520
C:/games/MB/R/10.p	PAC v1 (RBO / GOF2, key E3DF59AC)	.MP3	fffb9204	1	4640181
C:/games/MB/R/10.p	PAC v1 (RBO / GOF2, key E3DF59AC)	.MP3	fffb9240	1	103299
C:/games/mbaacc/0000.p	FilePacHeaderA (Melty Blood AA .p)	.BMP	424d3800	1	262200
C:/games/mbaacc/0000.p	FilePacHeaderA (Melty Blood AA .p)	.DAT	62676d61	56	494915008
C:/games/mbaacc/0000.p	FilePacHeaderA (Melty Blood AA .p)	.DB	d0cf11e0	1	569334
C:/games/mbaacc/0000.p	FilePacHeaderA (Melty Blood AA .p)	.INI	5b42675f	1	3816
C:/games/mbaacc/0000.p	FilePacHeaderA (Melty Blood AA .p)	.TXT	31202f2f	1	61
C:/games/mbaacc/0000.p	FilePacHeaderA (Melty Blood AA .p)	.TXT	32202f2f	2	130
C:/games/mbaacc/0000.p	FilePacHeaderA (Melty Blood AA .p)	.TXT	5b446174	8	1599
C:/games/mbaacc/0001.p	FilePacHeaderA (Melty Blood AA .p)	.OGG	4f676753	74	98489543
C:/games/mbaacc/0001.p	FilePacHeaderA (Melty Blood AA .p)	.TXT	0d0a4669	1	7547
C:/games/mbaacc/0003.p	FilePacHeaderA (Melty Blood AA .p)	.BMP	424d3600	2	983148
C:/games/mbaacc/0003.p	FilePacHeaderA (Melty Blood AA .p)	.BMP	424d3610	1	921654
C:/games/mbaacc/0003.p	FilePacHeaderA (Melty Blood AA .p)	.BMP	424d3800	15	5571400
C:/games/mbaacc/0003.p	FilePacHeaderA (Melty Blood AA .p)	.BMP	424d3810	5	3690776
C:/games/mbaacc/0003.p	FilePacHeaderA (Melty Blood AA .p)	.BMP	424d3814	3	15528
C:/games/mbaacc/0003.p	FilePacHeaderA (Melty Blood AA .p)	.BMP	424d3830	6	74064
C:/games/mbaacc/0003.p	FilePacHeaderA (Melty Blood AA .p)	.BMP	424d3840	60	1117472
C:/games/mbaacc/0003.p	FilePacHeaderA (Melty Blood AA .p)	.BMP	424d3844	12	209568
C:/games/mbaacc/0003.p	FilePacHeaderA (Melty Blood AA .p)	.BMP	424d3860	36	886752
C:/games/mbaacc/0003.p	FilePacHeaderA (Melty Blood AA .p)	.BMP	424d3880	32	1050368
C:/games/mbaacc/0003.p	FilePacHeaderA (Melty Blood AA .p)	.BMP	424d38b4	1	308280
C:/games/mbaacc/0003.p	FilePacHeaderA (Melty Blood AA .p)	.BMP	424de6f1	2	123852
C:/games/mbaacc/0003.p	FilePacHeaderA (Melty Blood AA .p)	.BMP	424dfc10	2	8696
C:/games/mbaacc/0003.p	FilePacHeaderA (Melty Blood AA .p)	.DB	d0cf11e0	2	402944
C:/games/mbaacc/0003.p	FilePacHeaderA (Melty Blood AA .p)	.DDS	44445320	860	79141952
C:/games/mbaacc/0003.p	FilePacHeaderA (Melty Blood AA .p)	.INI	5b446174	2	597
C:/games/mbaacc/0003.p	FilePacHeaderA (Melty Blood AA .p)	.INI	5b737472	1	5246
C:/games/mbaacc/0003.p	FilePacHeaderA (Melty Blood AA .p)	.PNG	89504e47	964	50750068
C:/games/mbaacc/0003.p	FilePacHeaderA (Melty Blood AA .p)	.TXT	5b436f6d	94	160110
C:/games/mbaacc/0003.p	FilePacHeaderA (Melty Blood AA .p)	.TXT	5b446174	1	7398
C:/games/mbaacc/0003.p	FilePacHeaderA (Melty Blood AA .p)	.~TXT	54582d47	1	1376
C:/games/mbaacc/0004.p	FilePacHeaderA (Melty Blood AA .p)	.FNT	2c1e0800	1	126822
C:/games/mbaacc/0004.p	FilePacHeaderA (Melty Blood AA .p)	.FNT	2c1e1800	2	4579084
C:/games/mbaacc/0004.p	FilePacHeaderA (Melty Blood AA .p)	.INI	5b444154	1	1331
C:/games/mbaacc/0004.p	FilePacHeaderA (Melty Blood AA .p)	.TXT	5b46696e	1	2142
C:/games/mbaacc/0004.p	FilePacHeaderA (Melty Blood AA .p)	.TXT	5b537973	1	3149
C:/games/mbaacc/0005.p	FilePacHeaderA (Melty Blood AA .p)	.OGG	4f676753	3026	185430021
C:/games/mbaacc/0005.p	FilePacHeaderA (Melty Blood AA .p)	.WAV	52494646	3695	156123137
C:/games/mbaacc/0006.p	FilePacHeaderA (Melty Blood AA .p)	.CFX	0109fffe	9	40860
C:/games/mbaacc/0006.p	FilePacHeaderA (Melty Blood AA .p)	.TXT	0d0a0d0a	1	3446
C:/games/mbaacc/0007.p	FilePacHeaderA (Melty Blood AA .p)	.DB	d0cf11e0	2	587264
C:/games/mbaacc/0007.p	FilePacHeaderA (Melty Blood AA .p)	.DDS	44445320	269	62614144
C:/games/mbaacc/0007.p	FilePacHeaderA (Melty Blood AA .p)	.PNG	89504e47	3	15859
C:/games/mbaacc/0007.p	FilePacHeaderA (Melty Blood AA .p)	.TXT	0d0a2f2f	3	16764
C:/games/mbaacc/0007.p	FilePacHeaderA (Melty Blood AA .p)	.TXT	0d0a3235	29	92945
C:/games/mbaacc/0007.p	FilePacHeaderA (Melty Blood AA .p)	.TXT	2f2f2031	2	2291
C:/games/mbaacc/0007.p	FilePacHeaderA (Melty Blood AA .p)	.TXT	2f2f2042	31	68769
C:/games/mbaacc/0007.p	FilePacHeaderA (Melty Blood AA .p)	.TXT	2f2f2083	1	5284
C:/games/mbaacc/0007.p	FilePacHeaderA (Melty Blood AA .p)	.TXT	2f2f2089	24	36359
C:/games/mbaacc/0007.p	FilePacHeaderA (Melty Blood AA .p)	.TXT	2f2f2d2d	38	106922
C:/games/mbaacc/0007.p	FilePacHeaderA (Melty Blood AA .p)	.TXT	2f2f2f20	1	2315
C:/games/mbaacc/0007.p	FilePacHeaderA (Melty Blood AA .p)	.TXT	2f2f3030	1	2320
C:/games/mbaacc/0007.p	FilePacHeaderA (Melty Blood AA .p)	.TXT	2f2f8250	17	65567
C:/games/mbaacc/0007.p	FilePacHeaderA (Melty Blood AA .p)	.TXT	2f2f8341	1	1642
C:/games/mbaacc/0007.p	FilePacHeaderA (Melty Blood AA .p)	.TXT	2f2f834a	29	71234
C:/games/mbaacc/0007.p	FilePacHeaderA (Melty Blood AA .p)	.TXT	2f2f834c	67	152404
C:/games/mbaacc/0007.p	FilePacHeaderA (Melty Blood AA .p)	.TXT	2f2f835e	16	27773
C:/games/mbaacc/0007.p	FilePacHeaderA (Melty Blood AA .p)	.TXT	2f2f8374	2	4176
C:/games/mbaacc/0007.p	FilePacHeaderA (Melty Blood AA .p)	.TXT	32353520	6	25889
C:/games/mbaacc/0008.p	FilePacHeaderA (Melty Blood AA .p)	.BMP	424d3860	8	197056
C:/games/mbaacc/0008.p	FilePacHeaderA (Melty Blood AA .p)	.DDS	44445320	38	324352
C:/games/mbaacc/0008.p	FilePacHeaderA (Melty Blood AA .p)	.FNT	2c1e0a00	2	212860
C:/games/mbaacc/0008.p	FilePacHeaderA (Melty Blood AA .p)	.HA6	48616e74	4	621953
C:/games/mbaacc/0008.p	FilePacHeaderA (Melty Blood AA .p)	.PNG	89504e47	37	635218
C:/games/mbaacc/0008.p	FilePacHeaderA (Melty Blood AA .p)	.TXT	0d0a2f2f	1	3261
C:/games/mbaacc/0008.p	FilePacHeaderA (Melty Blood AA .p)	.TXT	0d0a3235	23	88612
C:/games/mbaacc/0008.p	FilePacHeaderA (Melty Blood AA .p)	.TXT	20202f2f	1	7970
C:/games/mbaacc/0008.p	FilePacHeaderA (Melty Blood AA .p)	.TXT	2f2f2031	1	4354
C:/games/mbaacc/0008.p	FilePacHeaderA (Melty Blood AA .p)	.TXT	2f2f2042	26	118973
C:/games/mbaacc/0008.p	FilePacHeaderA (Melty Blood AA .p)	.TXT	2f2f2089	17	47480
C:/games/mbaacc/0008.p	FilePacHeaderA (Melty Blood AA .p)	.TXT	2f2f8250	15	110345
C:/games/mbaacc/0008.p	FilePacHeaderA (Melty Blood AA .p)	.TXT	2f2f8341	1	2731
C:/games/mbaacc/0008.p	FilePacHeaderA (Melty Blood AA .p)	.TXT	2f2f834a	25	139086
C:/games/mbaacc/0008.p	FilePacHeaderA (Melty Blood AA .p)	.TXT	2f2f834c	49	223715
C:/games/mbaacc/0008.p	FilePacHeaderA (Melty Blood AA .p)	.TXT	2f2f835e	15	55695
C:/games/mbaacc/0008.p	FilePacHeaderA (Melty Blood AA .p)	.TXT	2f2f8374	1	4057
C:/games/mbaacc/0008.p	FilePacHeaderA (Melty Blood AA .p)	.TXT	32353520	5	30267
C:/games/mbaacc/0008.p	FilePacHeaderA (Melty Blood AA .p)	.TXT	33	1	1
C:/games/mbaacc/0008.p	FilePacHeaderA (Melty Blood AA .p)	.TXT	5b436f6d	94	165670
C:/games/mbaacc_dev/0000.p	FilePacHeaderA (Melty Blood AA .p)	.BMP	424d3800	1	262200
C:/games/mbaacc_dev/0000.p	FilePacHeaderA (Melty Blood AA .p)	.DAT	62676d61	56	494915008
C:/games/mbaacc_dev/0000.p	FilePacHeaderA (Melty Blood AA .p)	.DB	d0cf11e0	1	569334
C:/games/mbaacc_dev/0000.p	FilePacHeaderA (Melty Blood AA .p)	.INI	5b42675f	1	3816
C:/games/mbaacc_dev/0000.p	FilePacHeaderA (Melty Blood AA .p)	.TXT	31202f2f	1	61
C:/games/mbaacc_dev/0000.p	FilePacHeaderA (Melty Blood AA .p)	.TXT	32202f2f	2	130
C:/games/mbaacc_dev/0000.p	FilePacHeaderA (Melty Blood AA .p)	.TXT	5b446174	8	1599
C:/games/mbaacc_dev/0001.p	FilePacHeaderA (Melty Blood AA .p)	.OGG	4f676753	74	98489543
C:/games/mbaacc_dev/0001.p	FilePacHeaderA (Melty Blood AA .p)	.TXT	0d0a4669	1	7547
C:/games/mbaacc_dev/0003.p	FilePacHeaderA (Melty Blood AA .p)	.BMP	424d3600	2	983148
C:/games/mbaacc_dev/0003.p	FilePacHeaderA (Melty Blood AA .p)	.BMP	424d3610	1	921654
C:/games/mbaacc_dev/0003.p	FilePacHeaderA (Melty Blood AA .p)	.BMP	424d3800	15	5571400
C:/games/mbaacc_dev/0003.p	FilePacHeaderA (Melty Blood AA .p)	.BMP	424d3810	5	3690776
C:/games/mbaacc_dev/0003.p	FilePacHeaderA (Melty Blood AA .p)	.BMP	424d3814	3	15528
C:/games/mbaacc_dev/0003.p	FilePacHeaderA (Melty Blood AA .p)	.BMP	424d3830	6	74064
C:/games/mbaacc_dev/0003.p	FilePacHeaderA (Melty Blood AA .p)	.BMP	424d3840	60	1117472
C:/games/mbaacc_dev/0003.p	FilePacHeaderA (Melty Blood AA .p)	.BMP	424d3844	12	209568
C:/games/mbaacc_dev/0003.p	FilePacHeaderA (Melty Blood AA .p)	.BMP	424d3860	36	886752
C:/games/mbaacc_dev/0003.p	FilePacHeaderA (Melty Blood AA .p)	.BMP	424d3880	32	1050368
C:/games/mbaacc_dev/0003.p	FilePacHeaderA (Melty Blood AA .p)	.BMP	424d38b4	1	308280
C:/games/mbaacc_dev/0003.p	FilePacHeaderA (Melty Blood AA .p)	.BMP	424de6f1	2	123852
C:/games/mbaacc_dev/0003.p	FilePacHeaderA (Melty Blood AA .p)	.BMP	424dfc10	2	8696
C:/games/mbaacc_dev/0003.p	FilePacHeaderA (Melty Blood AA .p)	.DB	d0cf11e0	2	402944
C:/games/mbaacc_dev/0003.p	FilePacHeaderA (Melty Blood AA .p)	.DDS	44445320	860	79141952
C:/games/mbaacc_dev/0003.p	FilePacHeaderA (Melty Blood AA .p)	.INI	5b446174	2	597
C:/games/mbaacc_dev/0003.p	FilePacHeaderA (Melty Blood AA .p)	.INI	5b737472	1	5246
C:/games/mbaacc_dev/0003.p	FilePacHeaderA (Melty Blood AA .p)	.PNG	89504e47	964	50750068
C:/games/mbaacc_dev/0003.p	FilePacHeaderA (Melty Blood AA .p)	.TXT	5b436f6d	94	160110
C:/games/mbaacc_dev/0003.p	FilePacHeaderA (Melty Blood AA .p)	.TXT	5b446174	1	7398
C:/games/mbaacc_dev/0003.p	FilePacHeaderA (Melty Blood AA .p)	.~TXT	54582d47	1	1376
C:/games/mbaacc_dev/0004.p	FilePacHeaderA (Melty Blood AA .p)	.FNT	2c1e0800	1	126822
C:/games/mbaacc_dev/0004.p	FilePacHeaderA (Melty Blood AA .p)	.FNT	2c1e1800	2	4579084
C:/games/mbaacc_dev/0004.p	FilePacHeaderA (Melty Blood AA .p)	.INI	5b444154	1	1331
C:/games/mbaacc_dev/0004.p	FilePacHeaderA (Melty Blood AA .p)	.TXT	5b46696e	1	2142
C:/games/mbaacc_dev/0004.p	FilePacHeaderA (Melty Blood AA .p)	.TXT	5b537973	1	3149
C:/games/mbaacc_dev/0005.p	FilePacHeaderA (Melty Blood AA .p)	.OGG	4f676753	3026	185430021
C:/games/mbaacc_dev/0005.p	FilePacHeaderA (Melty Blood AA .p)	.WAV	52494646	3695	156123137
C:/games/mbaacc_dev/0006.p	FilePacHeaderA (Melty Blood AA .p)	.CFX	0109fffe	9	40860
C:/games/mbaacc_dev/0006.p	FilePacHeaderA (Melty Blood AA .p)	.TXT	0d0a0d0a	1	3446
C:/games/mbaacc_dev/0007.p	FilePacHeaderA (Melty Blood AA .p)	.DB	d0cf11e0	2	587264
C:/games/mbaacc_dev/0007.p	FilePacHeaderA (Melty Blood AA .p)	.DDS	44445320	269	62614144
C:/games/mbaacc_dev/0007.p	FilePacHeaderA (Melty Blood AA .p)	.PNG	89504e47	3	15859
C:/games/mbaacc_dev/0007.p	FilePacHeaderA (Melty Blood AA .p)	.TXT	0d0a2f2f	3	16764
C:/games/mbaacc_dev/0007.p	FilePacHeaderA (Melty Blood AA .p)	.TXT	0d0a3235	29	92945
C:/games/mbaacc_dev/0007.p	FilePacHeaderA (Melty Blood AA .p)	.TXT	2f2f2031	2	2291
C:/games/mbaacc_dev/0007.p	FilePacHeaderA (Melty Blood AA .p)	.TXT	2f2f2042	31	68769
C:/games/mbaacc_dev/0007.p	FilePacHeaderA (Melty Blood AA .p)	.TXT	2f2f2083	1	5284
C:/games/mbaacc_dev/0007.p	FilePacHeaderA (Melty Blood AA .p)	.TXT	2f2f2089	24	36359
C:/games/mbaacc_dev/0007.p	FilePacHeaderA (Melty Blood AA .p)	.TXT	2f2f2d2d	38	106922
C:/games/mbaacc_dev/0007.p	FilePacHeaderA (Melty Blood AA .p)	.TXT	2f2f2f20	1	2315
C:/games/mbaacc_dev/0007.p	FilePacHeaderA (Melty Blood AA .p)	.TXT	2f2f3030	1	2320
C:/games/mbaacc_dev/0007.p	FilePacHeaderA (Melty Blood AA .p)	.TXT	2f2f8250	17	65567
C:/games/mbaacc_dev/0007.p	FilePacHeaderA (Melty Blood AA .p)	.TXT	2f2f8341	1	1642
C:/games/mbaacc_dev/0007.p	FilePacHeaderA (Melty Blood AA .p)	.TXT	2f2f834a	29	71234
C:/games/mbaacc_dev/0007.p	FilePacHeaderA (Melty Blood AA .p)	.TXT	2f2f834c	67	152404
C:/games/mbaacc_dev/0007.p	FilePacHeaderA (Melty Blood AA .p)	.TXT	2f2f835e	16	27773
C:/games/mbaacc_dev/0007.p	FilePacHeaderA (Melty Blood AA .p)	.TXT	2f2f8374	2	4176
C:/games/mbaacc_dev/0007.p	FilePacHeaderA (Melty Blood AA .p)	.TXT	32353520	6	25889
C:/games/mbaacc_dev/0008.p	FilePacHeaderA (Melty Blood AA .p)	.BMP	424d3860	8	197056
C:/games/mbaacc_dev/0008.p	FilePacHeaderA (Melty Blood AA .p)	.DDS	44445320	38	324352
C:/games/mbaacc_dev/0008.p	FilePacHeaderA (Melty Blood AA .p)	.FNT	2c1e0a00	2	212860
C:/games/mbaacc_dev/0008.p	FilePacHeaderA (Melty Blood AA .p)	.HA6	48616e74	4	621953
C:/games/mbaacc_dev/0008.p	FilePacHeaderA (Melty Blood AA .p)	.PNG	89504e47	37	635218
C:/games/mbaacc_dev/0008.p	FilePacHeaderA (Melty Blood AA .p)	.TXT	0d0a2f2f	1	3261
C:/games/mbaacc_dev/0008.p	FilePacHeaderA (Melty Blood AA .p)	.TXT	0d0a3235	23	88612
C:/games/mbaacc_dev/0008.p	FilePacHeaderA (Melty Blood AA .p)	.TXT	20202f2f	1	7970
C:/games/mbaacc_dev/0008.p	FilePacHeaderA (Melty Blood AA .p)	.TXT	2f2f2031	1	4354
C:/games/mbaacc_dev/0008.p	FilePacHeaderA (Melty Blood AA .p)	.TXT	2f2f2042	26	118973
C:/games/mbaacc_dev/0008.p	FilePacHeaderA (Melty Blood AA .p)	.TXT	2f2f2089	17	47480
C:/games/mbaacc_dev/0008.p	FilePacHeaderA (Melty Blood AA .p)	.TXT	2f2f8250	15	110345
C:/games/mbaacc_dev/0008.p	FilePacHeaderA (Melty Blood AA .p)	.TXT	2f2f8341	1	2731
C:/games/mbaacc_dev/0008.p	FilePacHeaderA (Melty Blood AA .p)	.TXT	2f2f834a	25	139086
C:/games/mbaacc_dev/0008.p	FilePacHeaderA (Melty Blood AA .p)	.TXT	2f2f834c	49	223715
C:/games/mbaacc_dev/0008.p	FilePacHeaderA (Melty Blood AA .p)	.TXT	2f2f835e	15	55695
C:/games/mbaacc_dev/0008.p	FilePacHeaderA (Melty Blood AA .p)	.TXT	2f2f8374	1	4057
C:/games/mbaacc_dev/0008.p	FilePacHeaderA (Melty Blood AA .p)	.TXT	32353520	5	30267
C:/games/mbaacc_dev/0008.p	FilePacHeaderA (Melty Blood AA .p)	.TXT	33	1	1
C:/games/mbaacc_dev/0008.p	FilePacHeaderA (Melty Blood AA .p)	.TXT	5b436f6d	94	165670
C:/games/mbaacc_tag/0000.p	FilePacHeaderA (Melty Blood AA .p)	.BMP	424d3800	1	262200
C:/games/mbaacc_tag/0000.p	FilePacHeaderA (Melty Blood AA .p)	.DAT	62676d61	56	494915008
C:/games/mbaacc_tag/0000.p	FilePacHeaderA (Melty Blood AA .p)	.DB	d0cf11e0	1	569334
C:/games/mbaacc_tag/0000.p	FilePacHeaderA (Melty Blood AA .p)	.INI	5b42675f	1	3816
C:/games/mbaacc_tag/0000.p	FilePacHeaderA (Melty Blood AA .p)	.TXT	31202f2f	1	61
C:/games/mbaacc_tag/0000.p	FilePacHeaderA (Melty Blood AA .p)	.TXT	32202f2f	2	130
C:/games/mbaacc_tag/0000.p	FilePacHeaderA (Melty Blood AA .p)	.TXT	5b446174	8	1599
C:/games/mbaacc_tag/0001.p	FilePacHeaderA (Melty Blood AA .p)	.OGG	4f676753	74	98489543
C:/games/mbaacc_tag/0001.p	FilePacHeaderA (Melty Blood AA .p)	.TXT	0d0a4669	1	7547
C:/games/mbaacc_tag/0003.p	FilePacHeaderA (Melty Blood AA .p)	.BMP	424d3600	2	983148
C:/games/mbaacc_tag/0003.p	FilePacHeaderA (Melty Blood AA .p)	.BMP	424d3610	1	921654
C:/games/mbaacc_tag/0003.p	FilePacHeaderA (Melty Blood AA .p)	.BMP	424d3800	15	5571400
C:/games/mbaacc_tag/0003.p	FilePacHeaderA (Melty Blood AA .p)	.BMP	424d3810	5	3690776
C:/games/mbaacc_tag/0003.p	FilePacHeaderA (Melty Blood AA .p)	.BMP	424d3814	3	15528
C:/games/mbaacc_tag/0003.p	FilePacHeaderA (Melty Blood AA .p)	.BMP	424d3830	6	74064
C:/games/mbaacc_tag/0003.p	FilePacHeaderA (Melty Blood AA .p)	.BMP	424d3840	60	1117472
C:/games/mbaacc_tag/0003.p	FilePacHeaderA (Melty Blood AA .p)	.BMP	424d3844	12	209568
C:/games/mbaacc_tag/0003.p	FilePacHeaderA (Melty Blood AA .p)	.BMP	424d3860	36	886752
C:/games/mbaacc_tag/0003.p	FilePacHeaderA (Melty Blood AA .p)	.BMP	424d3880	32	1050368
C:/games/mbaacc_tag/0003.p	FilePacHeaderA (Melty Blood AA .p)	.BMP	424d38b4	1	308280
C:/games/mbaacc_tag/0003.p	FilePacHeaderA (Melty Blood AA .p)	.BMP	424de6f1	2	123852
C:/games/mbaacc_tag/0003.p	FilePacHeaderA (Melty Blood AA .p)	.BMP	424dfc10	2	8696
C:/games/mbaacc_tag/0003.p	FilePacHeaderA (Melty Blood AA .p)	.DB	d0cf11e0	2	402944
C:/games/mbaacc_tag/0003.p	FilePacHeaderA (Melty Blood AA .p)	.DDS	44445320	860	79141952
C:/games/mbaacc_tag/0003.p	FilePacHeaderA (Melty Blood AA .p)	.INI	5b446174	2	597
C:/games/mbaacc_tag/0003.p	FilePacHeaderA (Melty Blood AA .p)	.INI	5b737472	1	5246
C:/games/mbaacc_tag/0003.p	FilePacHeaderA (Melty Blood AA .p)	.PNG	89504e47	964	50750068
C:/games/mbaacc_tag/0003.p	FilePacHeaderA (Melty Blood AA .p)	.TXT	5b436f6d	94	160110
C:/games/mbaacc_tag/0003.p	FilePacHeaderA (Melty Blood AA .p)	.TXT	5b446174	1	7398
C:/games/mbaacc_tag/0003.p	FilePacHeaderA (Melty Blood AA .p)	.~TXT	54582d47	1	1376
C:/games/mbaacc_tag/0004.p	FilePacHeaderA (Melty Blood AA .p)	.FNT	2c1e0800	1	126822
C:/games/mbaacc_tag/0004.p	FilePacHeaderA (Melty Blood AA .p)	.FNT	2c1e1800	2	4579084
C:/games/mbaacc_tag/0004.p	FilePacHeaderA (Melty Blood AA .p)	.INI	5b444154	1	1331
C:/games/mbaacc_tag/0004.p	FilePacHeaderA (Melty Blood AA .p)	.TXT	5b46696e	1	2142
C:/games/mbaacc_tag/0004.p	FilePacHeaderA (Melty Blood AA .p)	.TXT	5b537973	1	3149
C:/games/mbaacc_tag/0005.p	FilePacHeaderA (Melty Blood AA .p)	.OGG	4f676753	3026	185430021
C:/games/mbaacc_tag/0005.p	FilePacHeaderA (Melty Blood AA .p)	.WAV	52494646	3695	156123137
C:/games/mbaacc_tag/0006.p	FilePacHeaderA (Melty Blood AA .p)	.CFX	0109fffe	9	40860
C:/games/mbaacc_tag/0006.p	FilePacHeaderA (Melty Blood AA .p)	.TXT	0d0a0d0a	1	3446
C:/games/mbaacc_tag/0007.p	FilePacHeaderA (Melty Blood AA .p)	.DB	d0cf11e0	2	587264
C:/games/mbaacc_tag/0007.p	FilePacHeaderA (Melty Blood AA .p)	.DDS	44445320	269	62614144
C:/games/mbaacc_tag/0007.p	FilePacHeaderA (Melty Blood AA .p)	.PNG	89504e47	3	15859
C:/games/mbaacc_tag/0007.p	FilePacHeaderA (Melty Blood AA .p)	.TXT	0d0a2f2f	3	16764
C:/games/mbaacc_tag/0007.p	FilePacHeaderA (Melty Blood AA .p)	.TXT	0d0a3235	29	92945
C:/games/mbaacc_tag/0007.p	FilePacHeaderA (Melty Blood AA .p)	.TXT	2f2f2031	2	2291
C:/games/mbaacc_tag/0007.p	FilePacHeaderA (Melty Blood AA .p)	.TXT	2f2f2042	31	68769
C:/games/mbaacc_tag/0007.p	FilePacHeaderA (Melty Blood AA .p)	.TXT	2f2f2083	1	5284
C:/games/mbaacc_tag/0007.p	FilePacHeaderA (Melty Blood AA .p)	.TXT	2f2f2089	24	36359
C:/games/mbaacc_tag/0007.p	FilePacHeaderA (Melty Blood AA .p)	.TXT	2f2f2d2d	38	106922
C:/games/mbaacc_tag/0007.p	FilePacHeaderA (Melty Blood AA .p)	.TXT	2f2f2f20	1	2315
C:/games/mbaacc_tag/0007.p	FilePacHeaderA (Melty Blood AA .p)	.TXT	2f2f3030	1	2320
C:/games/mbaacc_tag/0007.p	FilePacHeaderA (Melty Blood AA .p)	.TXT	2f2f8250	17	65567
C:/games/mbaacc_tag/0007.p	FilePacHeaderA (Melty Blood AA .p)	.TXT	2f2f8341	1	1642
C:/games/mbaacc_tag/0007.p	FilePacHeaderA (Melty Blood AA .p)	.TXT	2f2f834a	29	71234
C:/games/mbaacc_tag/0007.p	FilePacHeaderA (Melty Blood AA .p)	.TXT	2f2f834c	67	152404
C:/games/mbaacc_tag/0007.p	FilePacHeaderA (Melty Blood AA .p)	.TXT	2f2f835e	16	27773
C:/games/mbaacc_tag/0007.p	FilePacHeaderA (Melty Blood AA .p)	.TXT	2f2f8374	2	4176
C:/games/mbaacc_tag/0007.p	FilePacHeaderA (Melty Blood AA .p)	.TXT	32353520	6	25889
C:/games/mbaacc_tag/0008.p	FilePacHeaderA (Melty Blood AA .p)	.BMP	424d3860	8	197056
C:/games/mbaacc_tag/0008.p	FilePacHeaderA (Melty Blood AA .p)	.DDS	44445320	38	324352
C:/games/mbaacc_tag/0008.p	FilePacHeaderA (Melty Blood AA .p)	.FNT	2c1e0a00	2	212860
C:/games/mbaacc_tag/0008.p	FilePacHeaderA (Melty Blood AA .p)	.HA6	48616e74	4	621953
C:/games/mbaacc_tag/0008.p	FilePacHeaderA (Melty Blood AA .p)	.PNG	89504e47	37	635218
C:/games/mbaacc_tag/0008.p	FilePacHeaderA (Melty Blood AA .p)	.TXT	0d0a2f2f	1	3261
C:/games/mbaacc_tag/0008.p	FilePacHeaderA (Melty Blood AA .p)	.TXT	0d0a3235	23	88612
C:/games/mbaacc_tag/0008.p	FilePacHeaderA (Melty Blood AA .p)	.TXT	20202f2f	1	7970
C:/games/mbaacc_tag/0008.p	FilePacHeaderA (Melty Blood AA .p)	.TXT	2f2f2031	1	4354
C:/games/mbaacc_tag/0008.p	FilePacHeaderA (Melty Blood AA .p)	.TXT	2f2f2042	26	118973
C:/games/mbaacc_tag/0008.p	FilePacHeaderA (Melty Blood AA .p)	.TXT	2f2f2089	17	47480
C:/games/mbaacc_tag/0008.p	FilePacHeaderA (Melty Blood AA .p)	.TXT	2f2f8250	15	110345
C:/games/mbaacc_tag/0008.p	FilePacHeaderA (Melty Blood AA .p)	.TXT	2f2f8341	1	2731
C:/games/mbaacc_tag/0008.p	FilePacHeaderA (Melty Blood AA .p)	.TXT	2f2f834a	25	139086
C:/games/mbaacc_tag/0008.p	FilePacHeaderA (Melty Blood AA .p)	.TXT	2f2f834c	49	223715
C:/games/mbaacc_tag/0008.p	FilePacHeaderA (Melty Blood AA .p)	.TXT	2f2f835e	15	55695
C:/games/mbaacc_tag/0008.p	FilePacHeaderA (Melty Blood AA .p)	.TXT	2f2f8374	1	4057
C:/games/mbaacc_tag/0008.p	FilePacHeaderA (Melty Blood AA .p)	.TXT	32353520	5	30267
C:/games/mbaacc_tag/0008.p	FilePacHeaderA (Melty Blood AA .p)	.TXT	33	1	1
C:/games/mbaacc_tag/0008.p	FilePacHeaderA (Melty Blood AA .p)	.TXT	5b436f6d	94	165670
C:/games/gof/Data/data00.dat	PAC v1 (RBO / GOF2, key E3DF59AC)	.FNT	000028d2	1	253490
C:/games/gof/Data/data00.dat	PAC v1 (RBO / GOF2, key E3DF59AC)	.FNT	000088c3	1	316306
C:/games/gof/Data/data00.dat	PAC v1 (RBO / GOF2, key E3DF59AC)	.FNT	0000c089	1	902602
C:/games/gof/Data/data00.dat	PAC v1 (RBO / GOF2, key E3DF59AC)	.FNT	0000c81f	1	2469842
C:/games/gof/Data/data00.dat	PAC v1 (RBO / GOF2, key E3DF59AC)	.WAV	52494646	2319	694402972
C:/games/gof/Data/data01.dat	PAC v1 (RBO / GOF2, key E3DF59AC)	.WAV	52494646	192	160422408
C:/games/gof/Data/data02.dat	PAC v1 (RBO / GOF2, key E3DF59AC)	.CHP	424d5020	23	208427492
C:/games/gof/Data/data02.dat	PAC v1 (RBO / GOF2, key E3DF59AC)	.DT2	48414e32	43	9583176
C:/games/gof/Data/data02.dat	PAC v1 (RBO / GOF2, key E3DF59AC)	.FOB	00000000	15	1683098
C:/games/gof/Data/data02.dat	PAC v1 (RBO / GOF2, key E3DF59AC)	.PAT	04000000	61	327785340
C:/games/gof/Data/data03.dat	PAC v1 (RBO / GOF2, key E3DF59AC)	.WAV	52494646	3097	191017762
C:/games/gof/Data/data04.dat	PAC v1 (RBO / GOF2, key E3DF59AC)	.FOB	00000000	220	1916094
C:/games/gof/Data/data04.dat	PAC v1 (RBO / GOF2, key E3DF59AC)	.FOB	01000000	2	27648
C:/games/gof/Data/data04.dat	PAC v1 (RBO / GOF2, key E3DF59AC)	.IMG	00000000	562	743803880
C:/games/gof/Data/data05.dat	PAC v1 (RBO / GOF2, key E3DF59AC)	.DT2	48414e32	25	9908788
C:/games/gof/Data/data05.dat	PAC v1 (RBO / GOF2, key E3DF59AC)	.FOB	00000000	37	1976706
C:/games/gof/Data/data05.dat	PAC v1 (RBO / GOF2, key E3DF59AC)	.FOB	01000000	2	27880
C:/games/gof/Data/data05.dat	PAC v1 (RBO / GOF2, key E3DF59AC)	.IMG	00000000	35	67717820
C:/games/gof/Data/data05.dat	PAC v1 (RBO / GOF2, key E3DF59AC)	.PAT	04000000	3	22512420
C:/games/gof/Data/data05.dat	PAC v1 (RBO / GOF2, key E3DF59AC)	.TXT	2f2a0d0a	1	135
C:/games/gof/Data/data05.dat	PAC v1 (RBO / GOF2, key E3DF59AC)	.TXT	31	1	1
C:/games/gof/Data/data05.dat	PAC v1 (RBO / GOF2, key E3DF59AC)	.WAV	52494646	104	40780736
C:/games/gof/CG.PAC	PAC v1 (RBO / GOF2, key E3DF59AC)	.IMG	00000000	88	144180960
C:/games/gof/DATA01.PAC	PAC v1 (RBO / GOF2, key E3DF59AC)	.DAT	48414e32	91	257338636
C:/games/gof/DATA01.PAC	PAC v1 (RBO / GOF2, key E3DF59AC)	.DAT	d993fe3d	1	760162
C:/games/gof/DATA01.PAC	PAC v1 (RBO / GOF2, key E3DF59AC)	.FOB	05000000	84	2843978
C:/games/gof/DATA01.PAC	PAC v1 (RBO / GOF2, key E3DF59AC)	.FOB	06000000	4	162228
C:/games/gof/DATA01.PAC	PAC v1 (RBO / GOF2, key E3DF59AC)	.FOB	07000000	3	153798
C:/games/gof2_run/Data/data00.dat	PAC v1 (RBO / GOF2, key E3DF59AC)	.FNT	000028d2	1	253490
C:/games/gof2_run/Data/data00.dat	PAC v1 (RBO / GOF2, key E3DF59AC)	.FNT	000088c3	1	316306
C:/games/gof2_run/Data/data00.dat	PAC v1 (RBO / GOF2, key E3DF59AC)	.FNT	0000c089	1	902602
C:/games/gof2_run/Data/data00.dat	PAC v1 (RBO / GOF2, key E3DF59AC)	.FNT	0000c81f	1	2469842
C:/games/gof2_run/Data/data00.dat	PAC v1 (RBO / GOF2, key E3DF59AC)	.WAV	52494646	2319	694402972
C:/games/gof2_run/Data/data01.dat	PAC v1 (RBO / GOF2, key E3DF59AC)	.WAV	52494646	192	160422408
C:/games/gof2_run/Data/data02.dat	PAC v1 (RBO / GOF2, key E3DF59AC)	.CHP	424d5020	23	208427492
C:/games/gof2_run/Data/data02.dat	PAC v1 (RBO / GOF2, key E3DF59AC)	.DT2	48414e32	43	9583176
C:/games/gof2_run/Data/data02.dat	PAC v1 (RBO / GOF2, key E3DF59AC)	.FOB	00000000	15	1683098
C:/games/gof2_run/Data/data02.dat	PAC v1 (RBO / GOF2, key E3DF59AC)	.PAT	04000000	61	327785340
C:/games/gof2_run/Data/data03.dat	PAC v1 (RBO / GOF2, key E3DF59AC)	.WAV	52494646	3097	191017762
C:/games/gof2_run/Data/data04.dat	PAC v1 (RBO / GOF2, key E3DF59AC)	.FOB	00000000	220	1916094
C:/games/gof2_run/Data/data04.dat	PAC v1 (RBO / GOF2, key E3DF59AC)	.FOB	01000000	2	27648
C:/games/gof2_run/Data/data04.dat	PAC v1 (RBO / GOF2, key E3DF59AC)	.IMG	00000000	562	743803880
C:/games/gof2_run/Data/data05.dat	PAC v1 (RBO / GOF2, key E3DF59AC)	.DT2	48414e32	25	9908788
C:/games/gof2_run/Data/data05.dat	PAC v1 (RBO / GOF2, key E3DF59AC)	.FOB	00000000	37	1976706
C:/games/gof2_run/Data/data05.dat	PAC v1 (RBO / GOF2, key E3DF59AC)	.FOB	01000000	2	27880
C:/games/gof2_run/Data/data05.dat	PAC v1 (RBO / GOF2, key E3DF59AC)	.IMG	00000000	35	67717820
C:/games/gof2_run/Data/data05.dat	PAC v1 (RBO / GOF2, key E3DF59AC)	.PAT	04000000	3	22512420
C:/games/gof2_run/Data/data05.dat	PAC v1 (RBO / GOF2, key E3DF59AC)	.TXT	2f2a0d0a	1	135
C:/games/gof2_run/Data/data05.dat	PAC v1 (RBO / GOF2, key E3DF59AC)	.TXT	31	1	1
C:/games/gof2_run/Data/data05.dat	PAC v1 (RBO / GOF2, key E3DF59AC)	.WAV	52494646	104	40780736
C:/games/gof1/run/gof_00.p	PB / GOF1 archive (key FA261EFB)	.DAT	d993fe3d	13	88665926
C:/games/gof1/run/gof_00.p	PB / GOF1 archive (key FA261EFB)	.H	46494c45	1	452
C:/games/gof1/run/gof_00.p	PB / GOF1 archive (key FA261EFB)	.PAC	00000000	1	46273466
C:/games/gof1/run/gof_01.p	PB / GOF1 archive (key FA261EFB)	.DAT	d993fe3d	29	190142598
C:/games/gof1/run/gof_02.p	PB / GOF1 archive (key FA261EFB)		00000000	2	61630876
C:/games/gof1/run/gof_02.p	PB / GOF1 archive (key FA261EFB)		d993fe3d	4	24652088
C:/games/gof1/run/gof_02.p	PB / GOF1 archive (key FA261EFB)	.MP3	fffb9204	16	36399014
C:/games/gof1/run/gof_02.p	PB / GOF1 archive (key FA261EFB)	.MP3	fffba004	1	2427410
C:/games/gof1/run/gof_03.p	PB / GOF1 archive (key FA261EFB)	.B	4f626a65	36	375956
C:/games/gof1/run/gof_03.p	PB / GOF1 archive (key FA261EFB)	.BMP	424d3810	8	7373248
C:/games/gof1/run/gof_03.p	PB / GOF1 archive (key FA261EFB)	.CPF	00000000	3	168144
C:/games/gof1/run/gof_03.p	PB / GOF1 archive (key FA261EFB)	.CPF	64000000	1	56048
C:/games/gof1/run/gof_03.p	PB / GOF1 archive (key FA261EFB)	.CT	08000000	1	1348
C:/games/gof1/run/gof_03.p	PB / GOF1 archive (key FA261EFB)	.CT	0b000000	1	4632
C:/games/gof1/run/gof_03.p	PB / GOF1 archive (key FA261EFB)	.CT	0c000000	3	13896
C:/games/gof1/run/gof_03.p	PB / GOF1 archive (key FA261EFB)	.CT	0d000000	3	13896
C:/games/gof1/run/gof_03.p	PB / GOF1 archive (key FA261EFB)	.CT	12000000	1	4632
C:/games/gof1/run/gof_03.p	PB / GOF1 archive (key FA261EFB)	.DAT	d993fe3d	9	57099004
C:/games/gof1/run/gof_03.p	PB / GOF1 archive (key FA261EFB)	.EX3	4c4c4946	232	25642202
C:/games/gof1/run/gof_03.p	PB / GOF1 archive (key FA261EFB)	.FNT	2b1e1800	1	2289254
C:/games/gof1/run/gof_03.p	PB / GOF1 archive (key FA261EFB)	.TXT	00000000	8	472384
C:/games/gof1/run/gof_03.p	PB / GOF1 archive (key FA261EFB)	.TXT	0d0a2f2f	1	1849
C:/games/gof1/run/gof_03.p	PB / GOF1 archive (key FA261EFB)	.TXT	0f000000	1	19848
C:/games/gof1/run/gof_03.p	PB / GOF1 archive (key FA261EFB)	.TXT	2f2f200d	2	5520
C:/games/gof1/run/gof_03.p	PB / GOF1 archive (key FA261EFB)	.TXT	2f2f2093	8	120
C:/games/gof1/run/gof_03.p	PB / GOF1 archive (key FA261EFB)	.TXT	31203020	8	3112
C:/games/gof1/run/gof_03.p	PB / GOF1 archive (key FA261EFB)	.TXT	50562030	1	218
C:/games/gof1/run/gof_03.p	PB / GOF1 archive (key FA261EFB)	.TXT	834c8383	1	48560
C:/games/gof1/run/gof_03.p	PB / GOF1 archive (key FA261EFB)	.WAV	52494646	89	3973415
C:/games/gof1/run/gof_03.p	PB / GOF1 archive (key FA261EFB)	.WMT	05000000	1	774
C:/games/gof1/run/gof_03.p	PB / GOF1 archive (key FA261EFB)	.WMT	06000000	4	3712
C:/games/gof1/run/gof_03.p	PB / GOF1 archive (key FA261EFB)	.WMT	07000000	1	1082
C:/games/gof1/run/gof_03.p	PB / GOF1 archive (key FA261EFB)	.WMT	08000000	1	1236
C:/games/gof1/run/gof_03.p	PB / GOF1 archive (key FA261EFB)	.WMT	0b000000	1	1698
C:/games/pb/00.dat	PB / GOF1 archive (key FA261EFB)	.MP3	fffb9204	22	67665460
C:/games/pb/00.dat	PB / GOF1 archive (key FA261EFB)	.MP3	fffb9264	4	17500739
C:/games/pb/00.dat	PB / GOF1 archive (key FA261EFB)	.MP3	fffba004	6	40109134
C:/games/pb/00.dat	PB / GOF1 archive (key FA261EFB)	.TXT	0d0a3930	1	155
C:/games/pb/00.dat	PB / GOF1 archive (key FA261EFB)	.TXT	454e440d	1	5
C:/games/pb/00p.dat	PB / GOF1 archive (key FA261EFB)	.BMP	424d8801	1	1966472
C:/games/pb/00p.dat	PB / GOF1 archive (key FA261EFB)	.MP3	fffb9204	2	9701489
C:/games/pb/00p.dat	PB / GOF1 archive (key FA261EFB)	.MP3	fffb9264	1	4676466
C:/games/pb/01.dat	PB / GOF1 archive (key FA261EFB)	.B	4f626a65	22	202288
C:/games/pb/01.dat	PB / GOF1 archive (key FA261EFB)	.BMP	424d38b4	19	5857320
C:/games/pb/01.dat	PB / GOF1 archive (key FA261EFB)	.CCT	14000000	1	4232
C:/games/pb/01.dat	PB / GOF1 archive (key FA261EFB)	.CCT	16000000	1	4232
C:/games/pb/01.dat	PB / GOF1 archive (key FA261EFB)	.CCT	19000000	2	8464
C:/games/pb/01.dat	PB / GOF1 archive (key FA261EFB)	.CCT	1a000000	1	4232
C:/games/pb/01.dat	PB / GOF1 archive (key FA261EFB)	.CCT	1b000000	2	8464
C:/games/pb/01.dat	PB / GOF1 archive (key FA261EFB)	.CCT	1e000000	1	4232
C:/games/pb/01.dat	PB / GOF1 archive (key FA261EFB)	.CCT	1f000000	2	8464
C:/games/pb/01.dat	PB / GOF1 archive (key FA261EFB)	.CCT	23000000	1	4232
C:/games/pb/01.dat	PB / GOF1 archive (key FA261EFB)	.CCT	25000000	1	4232
C:/games/pb/01.dat	PB / GOF1 archive (key FA261EFB)	.CCT	2b000000	1	4232
C:/games/pb/01.dat	PB / GOF1 archive (key FA261EFB)	.CPF	00000000	3	168144
C:/games/pb/01.dat	PB / GOF1 archive (key FA261EFB)	.CPF	64000000	1	56048
C:/games/pb/01.dat	PB / GOF1 archive (key FA261EFB)	.CT	0d000000	1	2188
C:/games/pb/01.dat	PB / GOF1 archive (key FA261EFB)	.CT	15000000	1	4232
C:/games/pb/01.dat	PB / GOF1 archive (key FA261EFB)	.CT	16000000	1	4232
C:/games/pb/01.dat	PB / GOF1 archive (key FA261EFB)	.CT	19000000	2	8464
C:/games/pb/01.dat	PB / GOF1 archive (key FA261EFB)	.CT	1a000000	4	16928
C:/games/pb/01.dat	PB / GOF1 archive (key FA261EFB)	.CT	1f000000	2	8464
C:/games/pb/01.dat	PB / GOF1 archive (key FA261EFB)	.CT	23000000	1	4232
C:/games/pb/01.dat	PB / GOF1 archive (key FA261EFB)	.CT	25000000	1	4232
C:/games/pb/01.dat	PB / GOF1 archive (key FA261EFB)	.CT	2b000000	1	4232
C:/games/pb/01.dat	PB / GOF1 archive (key FA261EFB)	.DAT	c3f8edbf	14	26226662
C:/games/pb/01.dat	PB / GOF1 archive (key FA261EFB)	.EX3	4c4c4946	699	74096798
C:/games/pb/01.dat	PB / GOF1 archive (key FA261EFB)	.FNT	2b1e1800	1	2289254
C:/games/pb/01.dat	PB / GOF1 archive (key FA261EFB)	.TXT	0d0a0d0a	4	2632
C:/games/pb/01.dat	PB / GOF1 archive (key FA261EFB)	.TXT	0d0a3930	1	1091
C:/games/pb/01.dat	PB / GOF1 archive (key FA261EFB)	.TXT	0f000000	1	19848
C:/games/pb/01.dat	PB / GOF1 archive (key FA261EFB)	.TXT	2f2f200d	3	8255
C:/games/pb/01.dat	PB / GOF1 archive (key FA261EFB)	.TXT	2f2f2020	1	1181
C:/games/pb/01.dat	PB / GOF1 archive (key FA261EFB)	.TXT	2f2f2042	8	5533
C:/games/pb/01.dat	PB / GOF1 archive (key FA261EFB)	.TXT	2f2f208f	2	2309
C:/games/pb/01.dat	PB / GOF1 archive (key FA261EFB)	.TXT	2f2f2093	11	171
C:/games/pb/01.dat	PB / GOF1 archive (key FA261EFB)	.TXT	30203120	1	1123
C:/games/pb/01.dat	PB / GOF1 archive (key FA261EFB)	.TXT	31203020	9	4266
C:/games/pb/01.dat	PB / GOF1 archive (key FA261EFB)	.TXT	31203120	2	738
C:/games/pb/01.dat	PB / GOF1 archive (key FA261EFB)	.TXT	31203220	1	447
C:/games/pb/01.dat	PB / GOF1 archive (key FA261EFB)	.TXT	3c000000	1	59048
C:/games/pb/01.dat	PB / GOF1 archive (key FA261EFB)	.TXT	3c0a2300	1	59048
C:/games/pb/01.dat	PB / GOF1 archive (key FA261EFB)	.TXT	3c0a3732	1	59048
C:/games/pb/01.dat	PB / GOF1 archive (key FA261EFB)	.TXT	3c14191a	1	59048
C:/games/pb/01.dat	PB / GOF1 archive (key FA261EFB)	.TXT	3c142800	1	59048
C:/games/pb/01.dat	PB / GOF1 archive (key FA261EFB)	.TXT	3c192300	1	59048
C:/games/pb/01.dat	PB / GOF1 archive (key FA261EFB)	.TXT	3c192600	3	177144
C:/games/pb/01.dat	PB / GOF1 archive (key FA261EFB)	.TXT	3c193800	1	59048
C:/games/pb/01.dat	PB / GOF1 archive (key FA261EFB)	.TXT	3c193f00	1	59048
C:/games/pb/01.dat	PB / GOF1 archive (key FA261EFB)	.TXT	4b1e2a00	1	59048
C:/games/pb/01.dat	PB / GOF1 archive (key FA261EFB)	.TXT	50562030	1	16469
C:/games/pb/01.dat	PB / GOF1 archive (key FA261EFB)	.TXT	5a230a18	1	59048
C:/games/pb/01.dat	PB / GOF1 archive (key FA261EFB)	.TXT	834c8383	1	209788
C:/games/pb/01.dat	PB / GOF1 archive (key FA261EFB)	.WAV	52494646	131	4893675
C:/games/pb/01.dat	PB / GOF1 archive (key FA261EFB)	.WMT	04000000	1	620
C:/games/pb/01.dat	PB / GOF1 archive (key FA261EFB)	.WMT	07000000	2	2164
C:/games/pb/01.dat	PB / GOF1 archive (key FA261EFB)	.WMT	08000000	1	1236
C:/games/pb/01.dat	PB / GOF1 archive (key FA261EFB)	.WMT	09000000	3	4170
C:/games/pb/01.dat	PB / GOF1 archive (key FA261EFB)	.WMT	0a000000	4	6176
C:/games/pb/01.dat	PB / GOF1 archive (key FA261EFB)	.WMT	0c000000	1	1852
C:/games/pb/01.dat	PB / GOF1 archive (key FA261EFB)	.WMT	0e000000	1	2160
C:/games/pb/01p.dat	PB / GOF1 archive (key FA261EFB)	.CT	0e000000	1	2356
C:/games/pb/01p.dat	PB / GOF1 archive (key FA261EFB)	.CT	16000000	1	4232
C:/games/pb/01p.dat	PB / GOF1 archive (key FA261EFB)	.CT	1a000000	1	4232
C:/games/pb/01p.dat	PB / GOF1 archive (key FA261EFB)	.CT	1f000000	1	4232
C:/games/pb/01p.dat	PB / GOF1 archive (key FA261EFB)	.CT	25000000	1	4232
C:/games/pb/01p.dat	PB / GOF1 archive (key FA261EFB)	.CT	2c000000	1	4232
C:/games/pb/01p.dat	PB / GOF1 archive (key FA261EFB)	.DAT	c3f8edbf	1	1189038
C:/games/pb/01p.dat	PB / GOF1 archive (key FA261EFB)	.EX3	4c4c4946	24	6412128
C:/games/pb/01p.dat	PB / GOF1 archive (key FA261EFB)	.TXT	2f2f2093	1	15
C:/games/pb/01p.dat	PB / GOF1 archive (key FA261EFB)	.TXT	31203020	2	1020
C:/games/pb/01p.dat	PB / GOF1 archive (key FA261EFB)	.WAV	52494646	1	38694
C:/games/pb/01p.dat	PB / GOF1 archive (key FA261EFB)	.WMT	08000000	2	2472
C:/games/pb/01p.dat	PB / GOF1 archive (key FA261EFB)	.WMT	0b000000	1	1698
C:/games/pb/01p.dat	PB / GOF1 archive (key FA261EFB)	.WMT	0c000000	2	3704
C:/games/pb/02.dat	PB / GOF1 archive (key FA261EFB)	.DAT	30333047	1	64265755
C:/games/pb/02.dat	PB / GOF1 archive (key FA261EFB)	.DAT	30343047	1	53967649
C:/games/pb/02p.dat	PB / GOF1 archive (key FA261EFB)	.CT	0e000000	1	2356
C:/games/pb/02p.dat	PB / GOF1 archive (key FA261EFB)	.CT	16000000	1	4232
C:/games/pb/02p.dat	PB / GOF1 archive (key FA261EFB)	.CT	1a000000	1	4232
C:/games/pb/02p.dat	PB / GOF1 archive (key FA261EFB)	.DAT	c3f8edbf	1	1188990
C:/games/pb/02p.dat	PB / GOF1 archive (key FA261EFB)	.TXT	5a230a18	1	59048
C:/games/pb/02p.dat	PB / GOF1 archive (key FA261EFB)	.WMT	0c000000	2	3704
C:/games/pb/03.dat	PB / GOF1 archive (key FA261EFB)	.DAT	00000000	2	125910226
C:/games/pb/04.dat	PB / GOF1 archive (key FA261EFB)	.DAT	30343047	1	53967649
C:/games/pb/04.dat	PB / GOF1 archive (key FA261EFB)	.DAT	30353047	1	61644471
C:/games/pb/04.dat	PB / GOF1 archive (key FA261EFB)	.MP3	cfcf9054	1	6603357
C:/games/rbo/DATA/BG01.PAC	PAC v1 (RBO / GOF2, key E3DF59AC)	.IMG	00000000	37	271844068
C:/games/rbo/DATA/BG02.PAC	PAC v1 (RBO / GOF2, key E3DF59AC)	.IMG	00000000	40	227672864
C:/games/rbo/DATA/BGM.PAC	PAC v1 (RBO / GOF2, key E3DF59AC)	.WAV	52494646	59	222528586
C:/games/rbo/DATA/CG.PAC	PAC v1 (RBO / GOF2, key E3DF59AC)	.IMG	00000000	88	144180960
C:/games/rbo/DATA/DATA01.PAC	PAC v1 (RBO / GOF2, key E3DF59AC)	.DAT	48414e32	91	257338636
C:/games/rbo/DATA/DATA01.PAC	PAC v1 (RBO / GOF2, key E3DF59AC)	.DAT	d993fe3d	1	760162
C:/games/rbo/DATA/DATA01.PAC	PAC v1 (RBO / GOF2, key E3DF59AC)	.FOB	05000000	84	2843978
C:/games/rbo/DATA/DATA01.PAC	PAC v1 (RBO / GOF2, key E3DF59AC)	.FOB	06000000	4	162228
C:/games/rbo/DATA/DATA01.PAC	PAC v1 (RBO / GOF2, key E3DF59AC)	.FOB	07000000	3	153798
C:/games/rbo/DATA/DATA02.PAC	PAC v1 (RBO / GOF2, key E3DF59AC)	.DAT	48414e32	35	256445972
C:/games/rbo/DATA/DATA02.PAC	PAC v1 (RBO / GOF2, key E3DF59AC)	.FOB	03000000	7	152974
C:/games/rbo/DATA/DATA02.PAC	PAC v1 (RBO / GOF2, key E3DF59AC)	.FOB	04000000	17	659100
C:/games/rbo/DATA/DATA02.PAC	PAC v1 (RBO / GOF2, key E3DF59AC)	.FOB	05000000	7	387554
C:/games/rbo/DATA/DATA02.PAC	PAC v1 (RBO / GOF2, key E3DF59AC)	.FOB	06000000	3	99820
C:/games/rbo/DATA/DATA02.PAC	PAC v1 (RBO / GOF2, key E3DF59AC)	.FOB	07000000	1	47954
C:/games/rbo/DATA/ETC.PAC	PAC v1 (RBO / GOF2, key E3DF59AC)	.CG	00000000	24	3318240
C:/games/rbo/DATA/ETC.PAC	PAC v1 (RBO / GOF2, key E3DF59AC)	.FNT	1e201600	1	2054756
C:/games/rbo/DATA/ETC.PAC	PAC v1 (RBO / GOF2, key E3DF59AC)	.FNT	2c1e0a00	1	219512
C:/games/rbo/DATA/ETC.PAC	PAC v1 (RBO / GOF2, key E3DF59AC)	.FNT	2c1e0c00	2	1242320
C:/games/rbo/DATA/ETC.PAC	PAC v1 (RBO / GOF2, key E3DF59AC)	.FNT	2c1e1800	1	2289544
C:/games/rbo/DATA/ETC.PAC	PAC v1 (RBO / GOF2, key E3DF59AC)	.FOB	00000000	3	137064
C:/games/rbo/DATA/ETC.PAC	PAC v1 (RBO / GOF2, key E3DF59AC)	.FOB	01000000	4	78906
C:/games/rbo/DATA/ETC.PAC	PAC v1 (RBO / GOF2, key E3DF59AC)	.FOB	02000000	1	28654
C:/games/rbo/DATA/ETC.PAC	PAC v1 (RBO / GOF2, key E3DF59AC)	.FOB	03000000	1	12006
C:/games/rbo/DATA/ETC.PAC	PAC v1 (RBO / GOF2, key E3DF59AC)	.FOB	05000000	4	84390
C:/games/rbo/DATA/ETC.PAC	PAC v1 (RBO / GOF2, key E3DF59AC)	.FOB	07000000	2	64972
C:/games/rbo/DATA/ETC.PAC	PAC v1 (RBO / GOF2, key E3DF59AC)	.FOB	0a000000	8	1034740
C:/games/rbo/DATA/ETC.PAC	PAC v1 (RBO / GOF2, key E3DF59AC)	.FOB	0b000000	1	60478
C:/games/rbo/DATA/ETC.PAC	PAC v1 (RBO / GOF2, key E3DF59AC)	.REP	00000000	6	7802328
C:/games/rbo/DATA/ETC.PAC	PAC v1 (RBO / GOF2, key E3DF59AC)	.TXT	2d2d2d2d	1	1301
C:/games/rbo/DATA/Ex1Disc.PAC	PAC v1 (RBO / GOF2, key E3DF59AC)	.DAT	48414e32	30	83404848
C:/games/rbo/DATA/Ex1Disc.PAC	PAC v1 (RBO / GOF2, key E3DF59AC)	.DT2	48414e32	81	10206508
C:/games/rbo/DATA/Ex1Disc.PAC	PAC v1 (RBO / GOF2, key E3DF59AC)	.FNT	2c1e0c00	1	250408
C:/games/rbo/DATA/Ex1Disc.PAC	PAC v1 (RBO / GOF2, key E3DF59AC)	.FOB	00000000	3	177962
C:/games/rbo/DATA/Ex1Disc.PAC	PAC v1 (RBO / GOF2, key E3DF59AC)	.FOB	01000000	2	38540
C:/games/rbo/DATA/Ex1Disc.PAC	PAC v1 (RBO / GOF2, key E3DF59AC)	.FOB	02000000	1	32380
C:/games/rbo/DATA/Ex1Disc.PAC	PAC v1 (RBO / GOF2, key E3DF59AC)	.FOB	03000000	4	58912
C:/games/rbo/DATA/Ex1Disc.PAC	PAC v1 (RBO / GOF2, key E3DF59AC)	.FOB	04000000	15	648376
C:/games/rbo/DATA/Ex1Disc.PAC	PAC v1 (RBO / GOF2, key E3DF59AC)	.FOB	05000000	73	2948408
C:/games/rbo/DATA/Ex1Disc.PAC	PAC v1 (RBO / GOF2, key E3DF59AC)	.FOB	06000000	5	187270
C:/games/rbo/DATA/Ex1Disc.PAC	PAC v1 (RBO / GOF2, key E3DF59AC)	.FOB	07000000	53	3169246
C:/games/rbo/DATA/Ex1Disc.PAC	PAC v1 (RBO / GOF2, key E3DF59AC)	.FOB	0a000000	9	1166124
C:/games/rbo/DATA/Ex1Disc.PAC	PAC v1 (RBO / GOF2, key E3DF59AC)	.FOB	0b000000	2	203288
C:/games/rbo/DATA/Ex1Disc.PAC	PAC v1 (RBO / GOF2, key E3DF59AC)	.IMG	00000000	46	246009056
C:/games/rbo/DATA/Ex1Disc.PAC	PAC v1 (RBO / GOF2, key E3DF59AC)	.RP2	03000000	7	9107000
C:/games/rbo/DATA/Ex1Disc.PAC	PAC v1 (RBO / GOF2, key E3DF59AC)	.TXT	2d2d2d2d	1	1706
C:/games/rbo/DATA/Ex1Disc.PAC	PAC v1 (RBO / GOF2, key E3DF59AC)	.WAV	52494646	50	77293720
C:/games/rbo/DATA/Ex2Disc.PAC	PAC v1 (RBO / GOF2, key E3DF59AC)	.DAT	48414e32	40	114941768
C:/games/rbo/DATA/Ex2Disc.PAC	PAC v1 (RBO / GOF2, key E3DF59AC)	.DT2	48414e32	14	1070884
C:/games/rbo/DATA/Ex2Disc.PAC	PAC v1 (RBO / GOF2, key E3DF59AC)	.FNT	000028d2	1	253490
C:/games/rbo/DATA/Ex2Disc.PAC	PAC v1 (RBO / GOF2, key E3DF59AC)	.FNT	00007859	1	222082
C:/games/rbo/DATA/Ex2Disc.PAC	PAC v1 (RBO / GOF2, key E3DF59AC)	.FOB	00000000	3	316762
C:/games/rbo/DATA/Ex2Disc.PAC	PAC v1 (RBO / GOF2, key E3DF59AC)	.FOB	01000000	3	56742
C:/games/rbo/DATA/Ex2Disc.PAC	PAC v1 (RBO / GOF2, key E3DF59AC)	.FOB	03000000	6	137948
C:/games/rbo/DATA/Ex2Disc.PAC	PAC v1 (RBO / GOF2, key E3DF59AC)	.FOB	04000000	7	340992
C:/games/rbo/DATA/Ex2Disc.PAC	PAC v1 (RBO / GOF2, key E3DF59AC)	.FOB	05000000	53	2197160
C:/games/rbo/DATA/Ex2Disc.PAC	PAC v1 (RBO / GOF2, key E3DF59AC)	.FOB	06000000	8	353052
C:/games/rbo/DATA/Ex2Disc.PAC	PAC v1 (RBO / GOF2, key E3DF59AC)	.FOB	07000000	50	4359956
C:/games/rbo/DATA/Ex2Disc.PAC	PAC v1 (RBO / GOF2, key E3DF59AC)	.FOB	0a000000	12	1950034
C:/games/rbo/DATA/Ex2Disc.PAC	PAC v1 (RBO / GOF2, key E3DF59AC)	.FOB	0b000000	2	254676
C:/games/rbo/DATA/Ex2Disc.PAC	PAC v1 (RBO / GOF2, key E3DF59AC)	.IMG	00000000	59	287473632
C:/games/rbo/DATA/Ex2Disc.PAC	PAC v1 (RBO / GOF2, key E3DF59AC)	.RP3	0a000000	7	4571000
C:/games/rbo/DATA/Ex2Disc.PAC	PAC v1 (RBO / GOF2, key E3DF59AC)	.TXT	2d2d2d2d	1	2720
C:/games/rbo/DATA/Ex2Disc.PAC	PAC v1 (RBO / GOF2, key E3DF59AC)	.WAV	52494646	49	70811454
C:/games/rbo/DATA/SE.PAC	PAC v1 (RBO / GOF2, key E3DF59AC)	.WAV	52494646	200	11348056
C:/games/rbo/DATA/Update01.PAC	PAC v1 (RBO / GOF2, key E3DF59AC)	.DAT	48414e32	1	7530476
C:/games/rbo/DATA/Update01.PAC	PAC v1 (RBO / GOF2, key E3DF59AC)	.DT2	48414e32	13	2201500
C:/games/rbo/DATA/Update01.PAC	PAC v1 (RBO / GOF2, key E3DF59AC)	.FOB	01000000	1	118
C:/games/rbo/DATA/Update01.PAC	PAC v1 (RBO / GOF2, key E3DF59AC)	.FOB	04000000	8	474420
C:/games/rbo/DATA/Update01.PAC	PAC v1 (RBO / GOF2, key E3DF59AC)	.FOB	05000000	15	759864
C:/games/rbo/DATA/Update01.PAC	PAC v1 (RBO / GOF2, key E3DF59AC)	.FOB	07000000	1	48032
C:/games/rbo/DATA/Update01.PAC	PAC v1 (RBO / GOF2, key E3DF59AC)	.FOB	0a000000	8	1042968
C:/games/rbo/DATA/Update01.PAC	PAC v1 (RBO / GOF2, key E3DF59AC)	.FOB	0b000000	1	60636
C:/games/rbo/DATA/Update01.PAC	PAC v1 (RBO / GOF2, key E3DF59AC)	.IMG	00000000	4	16777296
C:/games/rbo/DATA/Update01.PAC	PAC v1 (RBO / GOF2, key E3DF59AC)	.REP	01000000	6	7802328
C:/games/rbo/DATA/Update01.PAC	PAC v1 (RBO / GOF2, key E3DF59AC)	.WAV	52494646	5	158600
C:/games/rbo/DATA/Ex3Disc.pac	PAC v1 (RBO / GOF2, key E3DF59AC)	.DAT	48414e32	18	114631436
C:/games/rbo/DATA/Ex3Disc.pac	PAC v1 (RBO / GOF2, key E3DF59AC)	.DT2	48414e32	23	4834328
C:/games/rbo/DATA/Ex3Disc.pac	PAC v1 (RBO / GOF2, key E3DF59AC)	.FOB	00000000	4	525322
C:/games/rbo/DATA/Ex3Disc.pac	PAC v1 (RBO / GOF2, key E3DF59AC)	.FOB	01000000	2	39888
C:/games/rbo/DATA/Ex3Disc.pac	PAC v1 (RBO / GOF2, key E3DF59AC)	.FOB	03000000	5	97096
C:/games/rbo/DATA/Ex3Disc.pac	PAC v1 (RBO / GOF2, key E3DF59AC)	.FOB	04000000	2	37028
C:/games/rbo/DATA/Ex3Disc.pac	PAC v1 (RBO / GOF2, key E3DF59AC)	.FOB	05000000	14	636310
C:/games/rbo/DATA/Ex3Disc.pac	PAC v1 (RBO / GOF2, key E3DF59AC)	.FOB	06000000	1	37700
C:/games/rbo/DATA/Ex3Disc.pac	PAC v1 (RBO / GOF2, key E3DF59AC)	.FOB	0a000000	3	557484
C:/games/rbo/DATA/Ex3Disc.pac	PAC v1 (RBO / GOF2, key E3DF59AC)	.FOB	0b000000	1	170408
C:/games/rbo/DATA/Ex3Disc.pac	PAC v1 (RBO / GOF2, key E3DF59AC)	.IMG	00000000	33	160444084
C:/games/rbo/DATA/Ex3Disc.pac	PAC v1 (RBO / GOF2, key E3DF59AC)	.RP4	0a000000	7	4571000
C:/games/rbo/DATA/Ex3Disc.pac	PAC v1 (RBO / GOF2, key E3DF59AC)	.TXT	2d2d2d2d	1	3284
C:/games/rbo/DATA/Ex3Disc.pac	PAC v1 (RBO / GOF2, key E3DF59AC)	.WAV	52494646	26	44816372
C:/games/rbo_run/Data/BG01.PAC	PAC v1 (RBO / GOF2, key E3DF59AC)	.IMG	00000000	37	271844068
C:/games/rbo_run/Data/BG02.PAC	PAC v1 (RBO / GOF2, key E3DF59AC)	.IMG	00000000	40	227672864
C:/games/rbo_run/Data/BGM.PAC	PAC v1 (RBO / GOF2, key E3DF59AC)	.WAV	52494646	59	222528586
C:/games/rbo_run/Data/CG.PAC	PAC v1 (RBO / GOF2, key E3DF59AC)	.IMG	00000000	88	144180960
C:/games/rbo_run/Data/DATA01.PAC	PAC v1 (RBO / GOF2, key E3DF59AC)	.DAT	48414e32	91	257338636
C:/games/rbo_run/Data/DATA01.PAC	PAC v1 (RBO / GOF2, key E3DF59AC)	.DAT	d993fe3d	1	760162
C:/games/rbo_run/Data/DATA01.PAC	PAC v1 (RBO / GOF2, key E3DF59AC)	.FOB	05000000	84	2843978
C:/games/rbo_run/Data/DATA01.PAC	PAC v1 (RBO / GOF2, key E3DF59AC)	.FOB	06000000	4	162228
C:/games/rbo_run/Data/DATA01.PAC	PAC v1 (RBO / GOF2, key E3DF59AC)	.FOB	07000000	3	153798
C:/games/rbo_run/Data/DATA02.PAC	PAC v1 (RBO / GOF2, key E3DF59AC)	.DAT	48414e32	35	256445972
C:/games/rbo_run/Data/DATA02.PAC	PAC v1 (RBO / GOF2, key E3DF59AC)	.FOB	03000000	7	152974
C:/games/rbo_run/Data/DATA02.PAC	PAC v1 (RBO / GOF2, key E3DF59AC)	.FOB	04000000	17	659100
C:/games/rbo_run/Data/DATA02.PAC	PAC v1 (RBO / GOF2, key E3DF59AC)	.FOB	05000000	7	387554
C:/games/rbo_run/Data/DATA02.PAC	PAC v1 (RBO / GOF2, key E3DF59AC)	.FOB	06000000	3	99820
C:/games/rbo_run/Data/DATA02.PAC	PAC v1 (RBO / GOF2, key E3DF59AC)	.FOB	07000000	1	47954
C:/games/rbo_run/Data/ETC.PAC	PAC v1 (RBO / GOF2, key E3DF59AC)	.CG	00000000	24	3318240
C:/games/rbo_run/Data/ETC.PAC	PAC v1 (RBO / GOF2, key E3DF59AC)	.FNT	1e201600	1	2054756
C:/games/rbo_run/Data/ETC.PAC	PAC v1 (RBO / GOF2, key E3DF59AC)	.FNT	2c1e0a00	1	219512
C:/games/rbo_run/Data/ETC.PAC	PAC v1 (RBO / GOF2, key E3DF59AC)	.FNT	2c1e0c00	2	1242320
C:/games/rbo_run/Data/ETC.PAC	PAC v1 (RBO / GOF2, key E3DF59AC)	.FNT	2c1e1800	1	2289544
C:/games/rbo_run/Data/ETC.PAC	PAC v1 (RBO / GOF2, key E3DF59AC)	.FOB	00000000	3	137064
C:/games/rbo_run/Data/ETC.PAC	PAC v1 (RBO / GOF2, key E3DF59AC)	.FOB	01000000	4	78906
C:/games/rbo_run/Data/ETC.PAC	PAC v1 (RBO / GOF2, key E3DF59AC)	.FOB	02000000	1	28654
C:/games/rbo_run/Data/ETC.PAC	PAC v1 (RBO / GOF2, key E3DF59AC)	.FOB	03000000	1	12006
C:/games/rbo_run/Data/ETC.PAC	PAC v1 (RBO / GOF2, key E3DF59AC)	.FOB	05000000	4	84390
C:/games/rbo_run/Data/ETC.PAC	PAC v1 (RBO / GOF2, key E3DF59AC)	.FOB	07000000	2	64972
C:/games/rbo_run/Data/ETC.PAC	PAC v1 (RBO / GOF2, key E3DF59AC)	.FOB	0a000000	8	1034740
C:/games/rbo_run/Data/ETC.PAC	PAC v1 (RBO / GOF2, key E3DF59AC)	.FOB	0b000000	1	60478
C:/games/rbo_run/Data/ETC.PAC	PAC v1 (RBO / GOF2, key E3DF59AC)	.REP	00000000	6	7802328
C:/games/rbo_run/Data/ETC.PAC	PAC v1 (RBO / GOF2, key E3DF59AC)	.TXT	2d2d2d2d	1	1301
C:/games/rbo_run/Data/Ex1Disc.PAC	PAC v1 (RBO / GOF2, key E3DF59AC)	.DAT	48414e32	30	83404848
C:/games/rbo_run/Data/Ex1Disc.PAC	PAC v1 (RBO / GOF2, key E3DF59AC)	.DT2	48414e32	81	10206508
C:/games/rbo_run/Data/Ex1Disc.PAC	PAC v1 (RBO / GOF2, key E3DF59AC)	.FNT	2c1e0c00	1	250408
C:/games/rbo_run/Data/Ex1Disc.PAC	PAC v1 (RBO / GOF2, key E3DF59AC)	.FOB	00000000	3	177962
C:/games/rbo_run/Data/Ex1Disc.PAC	PAC v1 (RBO / GOF2, key E3DF59AC)	.FOB	01000000	2	38540
C:/games/rbo_run/Data/Ex1Disc.PAC	PAC v1 (RBO / GOF2, key E3DF59AC)	.FOB	02000000	1	32380
C:/games/rbo_run/Data/Ex1Disc.PAC	PAC v1 (RBO / GOF2, key E3DF59AC)	.FOB	03000000	4	58912
C:/games/rbo_run/Data/Ex1Disc.PAC	PAC v1 (RBO / GOF2, key E3DF59AC)	.FOB	04000000	15	648376
C:/games/rbo_run/Data/Ex1Disc.PAC	PAC v1 (RBO / GOF2, key E3DF59AC)	.FOB	05000000	73	2948408
C:/games/rbo_run/Data/Ex1Disc.PAC	PAC v1 (RBO / GOF2, key E3DF59AC)	.FOB	06000000	5	187270
C:/games/rbo_run/Data/Ex1Disc.PAC	PAC v1 (RBO / GOF2, key E3DF59AC)	.FOB	07000000	53	3169246
C:/games/rbo_run/Data/Ex1Disc.PAC	PAC v1 (RBO / GOF2, key E3DF59AC)	.FOB	0a000000	9	1166124
C:/games/rbo_run/Data/Ex1Disc.PAC	PAC v1 (RBO / GOF2, key E3DF59AC)	.FOB	0b000000	2	203288
C:/games/rbo_run/Data/Ex1Disc.PAC	PAC v1 (RBO / GOF2, key E3DF59AC)	.IMG	00000000	46	246009056
C:/games/rbo_run/Data/Ex1Disc.PAC	PAC v1 (RBO / GOF2, key E3DF59AC)	.RP2	03000000	7	9107000
C:/games/rbo_run/Data/Ex1Disc.PAC	PAC v1 (RBO / GOF2, key E3DF59AC)	.TXT	2d2d2d2d	1	1706
C:/games/rbo_run/Data/Ex1Disc.PAC	PAC v1 (RBO / GOF2, key E3DF59AC)	.WAV	52494646	50	77293720
C:/games/rbo_run/Data/Ex2Disc.PAC	PAC v1 (RBO / GOF2, key E3DF59AC)	.DAT	48414e32	40	114941768
C:/games/rbo_run/Data/Ex2Disc.PAC	PAC v1 (RBO / GOF2, key E3DF59AC)	.DT2	48414e32	14	1070884
C:/games/rbo_run/Data/Ex2Disc.PAC	PAC v1 (RBO / GOF2, key E3DF59AC)	.FNT	000028d2	1	253490
C:/games/rbo_run/Data/Ex2Disc.PAC	PAC v1 (RBO / GOF2, key E3DF59AC)	.FNT	00007859	1	222082
C:/games/rbo_run/Data/Ex2Disc.PAC	PAC v1 (RBO / GOF2, key E3DF59AC)	.FOB	00000000	3	316762
C:/games/rbo_run/Data/Ex2Disc.PAC	PAC v1 (RBO / GOF2, key E3DF59AC)	.FOB	01000000	3	56742
C:/games/rbo_run/Data/Ex2Disc.PAC	PAC v1 (RBO / GOF2, key E3DF59AC)	.FOB	03000000	6	137948
C:/games/rbo_run/Data/Ex2Disc.PAC	PAC v1 (RBO / GOF2, key E3DF59AC)	.FOB	04000000	7	340992
C:/games/rbo_run/Data/Ex2Disc.PAC	PAC v1 (RBO / GOF2, key E3DF59AC)	.FOB	05000000	53	2197160
C:/games/rbo_run/Data/Ex2Disc.PAC	PAC v1 (RBO / GOF2, key E3DF59AC)	.FOB	06000000	8	353052
C:/games/rbo_run/Data/Ex2Disc.PAC	PAC v1 (RBO / GOF2, key E3DF59AC)	.FOB	07000000	50	4359956
C:/games/rbo_run/Data/Ex2Disc.PAC	PAC v1 (RBO / GOF2, key E3DF59AC)	.FOB	0a000000	12	1950034
C:/games/rbo_run/Data/Ex2Disc.PAC	PAC v1 (RBO / GOF2, key E3DF59AC)	.FOB	0b000000	2	254676
C:/games/rbo_run/Data/Ex2Disc.PAC	PAC v1 (RBO / GOF2, key E3DF59AC)	.IMG	00000000	59	287473632
C:/games/rbo_run/Data/Ex2Disc.PAC	PAC v1 (RBO / GOF2, key E3DF59AC)	.RP3	0a000000	7	4571000
C:/games/rbo_run/Data/Ex2Disc.PAC	PAC v1 (RBO / GOF2, key E3DF59AC)	.TXT	2d2d2d2d	1	2720
C:/games/rbo_run/Data/Ex2Disc.PAC	PAC v1 (RBO / GOF2, key E3DF59AC)	.WAV	52494646	49	70811454
C:/games/rbo_run/Data/SE.PAC	PAC v1 (RBO / GOF2, key E3DF59AC)	.WAV	52494646	200	11348056
C:/games/rbo_run/Data/Update01.PAC	PAC v1 (RBO / GOF2, key E3DF59AC)	.DAT	48414e32	1	7530476
C:/games/rbo_run/Data/Update01.PAC	PAC v1 (RBO / GOF2, key E3DF59AC)	.DT2	48414e32	13	2201500
C:/games/rbo_run/Data/Update01.PAC	PAC v1 (RBO / GOF2, key E3DF59AC)	.FOB	01000000	1	118
C:/games/rbo_run/Data/Update01.PAC	PAC v1 (RBO / GOF2, key E3DF59AC)	.FOB	04000000	8	474420
C:/games/rbo_run/Data/Update01.PAC	PAC v1 (RBO / GOF2, key E3DF59AC)	.FOB	05000000	15	759864
C:/games/rbo_run/Data/Update01.PAC	PAC v1 (RBO / GOF2, key E3DF59AC)	.FOB	07000000	1	48032
C:/games/rbo_run/Data/Update01.PAC	PAC v1 (RBO / GOF2, key E3DF59AC)	.FOB	0a000000	8	1042968
C:/games/rbo_run/Data/Update01.PAC	PAC v1 (RBO / GOF2, key E3DF59AC)	.FOB	0b000000	1	60636
C:/games/rbo_run/Data/Update01.PAC	PAC v1 (RBO / GOF2, key E3DF59AC)	.IMG	00000000	4	16777296
C:/games/rbo_run/Data/Update01.PAC	PAC v1 (RBO / GOF2, key E3DF59AC)	.REP	01000000	6	7802328
C:/games/rbo_run/Data/Update01.PAC	PAC v1 (RBO / GOF2, key E3DF59AC)	.WAV	52494646	5	158600
C:/dev/frenchbread/dmp_1020/DATA/GAMEDATA.PAC	PB / GOF1 archive (key FA261EFB)	.DAT	00000000	6	15552624
C:/dev/frenchbread/dmp_1020/DATA/GAMEDATA.PAC	PB / GOF1 archive (key FA261EFB)	.FOB	01000000	2	3758
C:/dev/frenchbread/dmp_1020/DATA/GAMEDATA.PAC	PB / GOF1 archive (key FA261EFB)	.FOB	03000000	1	5072
C:/dev/frenchbread/dmp_1020/DATA/GAMEDATA.PAC	PB / GOF1 archive (key FA261EFB)	.FOB	04000000	1	6942
C:/dev/frenchbread/dmp_1020/DATA/GAMEDATA.PAC	PB / GOF1 archive (key FA261EFB)	.FOB	08000000	1	14018
C:/dev/frenchbread/dmp_1020/DATA/GAMEDATA.PAC	PB / GOF1 archive (key FA261EFB)	.FOB	0a000000	13	394916
C:/dev/frenchbread/dmp_1020/DATA/GAMEDATA.PAC	PB / GOF1 archive (key FA261EFB)	.FOB	0b000000	21	823302
C:/dev/frenchbread/dmp_1020/DATA/GAMEDATA.PAC	PB / GOF1 archive (key FA261EFB)	.FOB	0c000000	7	254146
C:/dev/frenchbread/dmp_1020/DATA/GAMEDATA.PAC	PB / GOF1 archive (key FA261EFB)	.FOB	10000000	5	391528
C:/dev/frenchbread/dmp_1020/DATA/GAMEDATA.PAC	PB / GOF1 archive (key FA261EFB)	.FOB	13000000	7	552746
C:/dev/frenchbread/dmp_1020/DATA/GAMEDATA.PAC	PB / GOF1 archive (key FA261EFB)	.IMG	00000000	68	83625808
C:/dev/frenchbread/dmp_1020/DATA/SOUNDDATA.PAC	PB / GOF1 archive (key FA261EFB)	.WAV	52494646	86	44484410
C:/dev/frenchbread/drill_milky_punch/files/dMp/dMp/Data/GameData.PAC	PB / GOF1 archive (key FA261EFB)	.DAT	00000000	6	15552624
C:/dev/frenchbread/drill_milky_punch/files/dMp/dMp/Data/GameData.PAC	PB / GOF1 archive (key FA261EFB)	.FOB	01000000	2	3758
C:/dev/frenchbread/drill_milky_punch/files/dMp/dMp/Data/GameData.PAC	PB / GOF1 archive (key FA261EFB)	.FOB	03000000	1	5072
C:/dev/frenchbread/drill_milky_punch/files/dMp/dMp/Data/GameData.PAC	PB / GOF1 archive (key FA261EFB)	.FOB	04000000	1	6942
C:/dev/frenchbread/drill_milky_punch/files/dMp/dMp/Data/GameData.PAC	PB / GOF1 archive (key FA261EFB)	.FOB	08000000	1	14018
C:/dev/frenchbread/drill_milky_punch/files/dMp/dMp/Data/GameData.PAC	PB / GOF1 archive (key FA261EFB)	.FOB	0a000000	13	394916
C:/dev/frenchbread/drill_milky_punch/files/dMp/dMp/Data/GameData.PAC	PB / GOF1 archive (key FA261EFB)	.FOB	0b000000	21	823302
C:/dev/frenchbread/drill_milky_punch/files/dMp/dMp/Data/GameData.PAC	PB / GOF1 archive (key FA261EFB)	.FOB	0c000000	7	254146
C:/dev/frenchbread/drill_milky_punch/files/dMp/dMp/Data/GameData.PAC	PB / GOF1 archive (key FA261EFB)	.FOB	10000000	5	391528
C:/dev/frenchbread/drill_milky_punch/files/dMp/dMp/Data/GameData.PAC	PB / GOF1 archive (key FA261EFB)	.FOB	13000000	7	552746
C:/dev/frenchbread/drill_milky_punch/files/dMp/dMp/Data/GameData.PAC	PB / GOF1 archive (key FA261EFB)	.IMG	00000000	68	83625808
C:/dev/frenchbread/drill_milky_punch/files/dMp/dMp/Data/SoundData.PAC	PB / GOF1 archive (key FA261EFB)	.WAV	52494646	86	44484410
C:/dev/frenchbread/aquat1c_dmp/Drill Milky Punch/DATA/GAMEDATA.PAC	PB / GOF1 archive (key FA261EFB)	.DAT	00000000	6	15552624
C:/dev/frenchbread/aquat1c_dmp/Drill Milky Punch/DATA/GAMEDATA.PAC	PB / GOF1 archive (key FA261EFB)	.FOB	01000000	2	3758
C:/dev/frenchbread/aquat1c_dmp/Drill Milky Punch/DATA/GAMEDATA.PAC	PB / GOF1 archive (key FA261EFB)	.FOB	03000000	1	5072
C:/dev/frenchbread/aquat1c_dmp/Drill Milky Punch/DATA/GAMEDATA.PAC	PB / GOF1 archive (key FA261EFB)	.FOB	04000000	1	6942
C:/dev/frenchbread/aquat1c_dmp/Drill Milky Punch/DATA/GAMEDATA.PAC	PB / GOF1 archive (key FA261EFB)	.FOB	08000000	1	14018
C:/dev/frenchbread/aquat1c_dmp/Drill Milky Punch/DATA/GAMEDATA.PAC	PB / GOF1 archive (key FA261EFB)	.FOB	0a000000	13	394916
C:/dev/frenchbread/aquat1c_dmp/Drill Milky Punch/DATA/GAMEDATA.PAC	PB / GOF1 archive (key FA261EFB)	.FOB	0b000000	21	823302
C:/dev/frenchbread/aquat1c_dmp/Drill Milky Punch/DATA/GAMEDATA.PAC	PB / GOF1 archive (key FA261EFB)	.FOB	0c000000	7	254146
C:/dev/frenchbread/aquat1c_dmp/Drill Milky Punch/DATA/GAMEDATA.PAC	PB / GOF1 archive (key FA261EFB)	.FOB	10000000	5	391528
C:/dev/frenchbread/aquat1c_dmp/Drill Milky Punch/DATA/GAMEDATA.PAC	PB / GOF1 archive (key FA261EFB)	.FOB	13000000	7	552746
C:/dev/frenchbread/aquat1c_dmp/Drill Milky Punch/DATA/GAMEDATA.PAC	PB / GOF1 archive (key FA261EFB)	.IMG	00000000	68	83625808
C:/dev/frenchbread/aquat1c_dmp/Drill Milky Punch/DATA/SOUNDDATA.PAC	PB / GOF1 archive (key FA261EFB)	.WAV	52494646	86	44484410
C:/dev/frenchbread/aquat1c_dmp/game_template/DATA/GAMEDATA.PAC	PB / GOF1 archive (key FA261EFB)	.DAT	00000000	6	15552624
C:/dev/frenchbread/aquat1c_dmp/game_template/DATA/GAMEDATA.PAC	PB / GOF1 archive (key FA261EFB)	.FOB	01000000	2	3758
C:/dev/frenchbread/aquat1c_dmp/game_template/DATA/GAMEDATA.PAC	PB / GOF1 archive (key FA261EFB)	.FOB	03000000	1	5072
C:/dev/frenchbread/aquat1c_dmp/game_template/DATA/GAMEDATA.PAC	PB / GOF1 archive (key FA261EFB)	.FOB	04000000	1	6942
C:/dev/frenchbread/aquat1c_dmp/game_template/DATA/GAMEDATA.PAC	PB / GOF1 archive (key FA261EFB)	.FOB	08000000	1	14018
C:/dev/frenchbread/aquat1c_dmp/game_template/DATA/GAMEDATA.PAC	PB / GOF1 archive (key FA261EFB)	.FOB	0a000000	13	394916
C:/dev/frenchbread/aquat1c_dmp/game_template/DATA/GAMEDATA.PAC	PB / GOF1 archive (key FA261EFB)	.FOB	0b000000	21	823302
C:/dev/frenchbread/aquat1c_dmp/game_template/DATA/GAMEDATA.PAC	PB / GOF1 archive (key FA261EFB)	.FOB	0c000000	7	254146
C:/dev/frenchbread/aquat1c_dmp/game_template/DATA/GAMEDATA.PAC	PB / GOF1 archive (key FA261EFB)	.FOB	10000000	5	391528
C:/dev/frenchbread/aquat1c_dmp/game_template/DATA/GAMEDATA.PAC	PB / GOF1 archive (key FA261EFB)	.FOB	13000000	7	552746
C:/dev/frenchbread/aquat1c_dmp/game_template/DATA/GAMEDATA.PAC	PB / GOF1 archive (key FA261EFB)	.IMG	00000000	68	83625808
C:/dev/frenchbread/aquat1c_dmp/game_template/DATA/SOUNDDATA.PAC	PB / GOF1 archive (key FA261EFB)	.WAV	52494646	86	44484410
C:/dev/frenchbread/aquat1c_dmp/soak_game/DATA/GAMEDATA.PAC	PB / GOF1 archive (key FA261EFB)	.DAT	00000000	6	15552624
C:/dev/frenchbread/aquat1c_dmp/soak_game/DATA/GAMEDATA.PAC	PB / GOF1 archive (key FA261EFB)	.FOB	01000000	2	3758
C:/dev/frenchbread/aquat1c_dmp/soak_game/DATA/GAMEDATA.PAC	PB / GOF1 archive (key FA261EFB)	.FOB	03000000	1	5072
C:/dev/frenchbread/aquat1c_dmp/soak_game/DATA/GAMEDATA.PAC	PB / GOF1 archive (key FA261EFB)	.FOB	04000000	1	6942
C:/dev/frenchbread/aquat1c_dmp/soak_game/DATA/GAMEDATA.PAC	PB / GOF1 archive (key FA261EFB)	.FOB	08000000	1	14018
C:/dev/frenchbread/aquat1c_dmp/soak_game/DATA/GAMEDATA.PAC	PB / GOF1 archive (key FA261EFB)	.FOB	0a000000	13	394916
C:/dev/frenchbread/aquat1c_dmp/soak_game/DATA/GAMEDATA.PAC	PB / GOF1 archive (key FA261EFB)	.FOB	0b000000	21	823302
C:/dev/frenchbread/aquat1c_dmp/soak_game/DATA/GAMEDATA.PAC	PB / GOF1 archive (key FA261EFB)	.FOB	0c000000	7	254146
C:/dev/frenchbread/aquat1c_dmp/soak_game/DATA/GAMEDATA.PAC	PB / GOF1 archive (key FA261EFB)	.FOB	10000000	5	391528
C:/dev/frenchbread/aquat1c_dmp/soak_game/DATA/GAMEDATA.PAC	PB / GOF1 archive (key FA261EFB)	.FOB	13000000	7	552746
C:/dev/frenchbread/aquat1c_dmp/soak_game/DATA/GAMEDATA.PAC	PB / GOF1 archive (key FA261EFB)	.IMG	00000000	68	83625808
C:/dev/frenchbread/aquat1c_dmp/soak_game/DATA/SOUNDDATA.PAC	PB / GOF1 archive (key FA261EFB)	.WAV	52494646	86	44484410
C:/dev/frenchbread/aquat1c_dmp/soak_game2/DATA/GAMEDATA.PAC	PB / GOF1 archive (key FA261EFB)	.DAT	00000000	6	15552624
C:/dev/frenchbread/aquat1c_dmp/soak_game2/DATA/GAMEDATA.PAC	PB / GOF1 archive (key FA261EFB)	.FOB	01000000	2	3758
C:/dev/frenchbread/aquat1c_dmp/soak_game2/DATA/GAMEDATA.PAC	PB / GOF1 archive (key FA261EFB)	.FOB	03000000	1	5072
C:/dev/frenchbread/aquat1c_dmp/soak_game2/DATA/GAMEDATA.PAC	PB / GOF1 archive (key FA261EFB)	.FOB	04000000	1	6942
C:/dev/frenchbread/aquat1c_dmp/soak_game2/DATA/GAMEDATA.PAC	PB / GOF1 archive (key FA261EFB)	.FOB	08000000	1	14018
C:/dev/frenchbread/aquat1c_dmp/soak_game2/DATA/GAMEDATA.PAC	PB / GOF1 archive (key FA261EFB)	.FOB	0a000000	13	394916
C:/dev/frenchbread/aquat1c_dmp/soak_game2/DATA/GAMEDATA.PAC	PB / GOF1 archive (key FA261EFB)	.FOB	0b000000	21	823302
C:/dev/frenchbread/aquat1c_dmp/soak_game2/DATA/GAMEDATA.PAC	PB / GOF1 archive (key FA261EFB)	.FOB	0c000000	7	254146
C:/dev/frenchbread/aquat1c_dmp/soak_game2/DATA/GAMEDATA.PAC	PB / GOF1 archive (key FA261EFB)	.FOB	10000000	5	391528
C:/dev/frenchbread/aquat1c_dmp/soak_game2/DATA/GAMEDATA.PAC	PB / GOF1 archive (key FA261EFB)	.FOB	13000000	7	552746
C:/dev/frenchbread/aquat1c_dmp/soak_game2/DATA/GAMEDATA.PAC	PB / GOF1 archive (key FA261EFB)	.IMG	00000000	68	83625808
C:/dev/frenchbread/aquat1c_dmp/soak_game2/DATA/SOUNDDATA.PAC	PB / GOF1 archive (key FA261EFB)	.WAV	52494646	86	44484410
C:/dev/frenchbread/aquat1c_dmp/soak_game3/DATA/GAMEDATA.PAC	PB / GOF1 archive (key FA261EFB)	.DAT	00000000	6	15552624
C:/dev/frenchbread/aquat1c_dmp/soak_game3/DATA/GAMEDATA.PAC	PB / GOF1 archive (key FA261EFB)	.FOB	01000000	2	3758
C:/dev/frenchbread/aquat1c_dmp/soak_game3/DATA/GAMEDATA.PAC	PB / GOF1 archive (key FA261EFB)	.FOB	03000000	1	5072
C:/dev/frenchbread/aquat1c_dmp/soak_game3/DATA/GAMEDATA.PAC	PB / GOF1 archive (key FA261EFB)	.FOB	04000000	1	6942
C:/dev/frenchbread/aquat1c_dmp/soak_game3/DATA/GAMEDATA.PAC	PB / GOF1 archive (key FA261EFB)	.FOB	08000000	1	14018
C:/dev/frenchbread/aquat1c_dmp/soak_game3/DATA/GAMEDATA.PAC	PB / GOF1 archive (key FA261EFB)	.FOB	0a000000	13	394916
C:/dev/frenchbread/aquat1c_dmp/soak_game3/DATA/GAMEDATA.PAC	PB / GOF1 archive (key FA261EFB)	.FOB	0b000000	21	823302
C:/dev/frenchbread/aquat1c_dmp/soak_game3/DATA/GAMEDATA.PAC	PB / GOF1 archive (key FA261EFB)	.FOB	0c000000	7	254146
C:/dev/frenchbread/aquat1c_dmp/soak_game3/DATA/GAMEDATA.PAC	PB / GOF1 archive (key FA261EFB)	.FOB	10000000	5	391528
C:/dev/frenchbread/aquat1c_dmp/soak_game3/DATA/GAMEDATA.PAC	PB / GOF1 archive (key FA261EFB)	.FOB	13000000	7	552746
C:/dev/frenchbread/aquat1c_dmp/soak_game3/DATA/GAMEDATA.PAC	PB / GOF1 archive (key FA261EFB)	.IMG	00000000	68	83625808
C:/dev/frenchbread/aquat1c_dmp/soak_game3/DATA/SOUNDDATA.PAC	PB / GOF1 archive (key FA261EFB)	.WAV	52494646	86	44484410
C:/dev/frenchbread/aquat1c_dmp/Drill Milky Punch/DATA/GAMEDATA.PAC	PB / GOF1 archive (key FA261EFB)	.DAT	00000000	6	15552624
C:/dev/frenchbread/aquat1c_dmp/Drill Milky Punch/DATA/GAMEDATA.PAC	PB / GOF1 archive (key FA261EFB)	.FOB	01000000	2	3758
C:/dev/frenchbread/aquat1c_dmp/Drill Milky Punch/DATA/GAMEDATA.PAC	PB / GOF1 archive (key FA261EFB)	.FOB	03000000	1	5072
C:/dev/frenchbread/aquat1c_dmp/Drill Milky Punch/DATA/GAMEDATA.PAC	PB / GOF1 archive (key FA261EFB)	.FOB	04000000	1	6942
C:/dev/frenchbread/aquat1c_dmp/Drill Milky Punch/DATA/GAMEDATA.PAC	PB / GOF1 archive (key FA261EFB)	.FOB	08000000	1	14018
C:/dev/frenchbread/aquat1c_dmp/Drill Milky Punch/DATA/GAMEDATA.PAC	PB / GOF1 archive (key FA261EFB)	.FOB	0a000000	13	394916
C:/dev/frenchbread/aquat1c_dmp/Drill Milky Punch/DATA/GAMEDATA.PAC	PB / GOF1 archive (key FA261EFB)	.FOB	0b000000	21	823302
C:/dev/frenchbread/aquat1c_dmp/Drill Milky Punch/DATA/GAMEDATA.PAC	PB / GOF1 archive (key FA261EFB)	.FOB	0c000000	7	254146
C:/dev/frenchbread/aquat1c_dmp/Drill Milky Punch/DATA/GAMEDATA.PAC	PB / GOF1 archive (key FA261EFB)	.FOB	10000000	5	391528
C:/dev/frenchbread/aquat1c_dmp/Drill Milky Punch/DATA/GAMEDATA.PAC	PB / GOF1 archive (key FA261EFB)	.FOB	13000000	7	552746
C:/dev/frenchbread/aquat1c_dmp/Drill Milky Punch/DATA/GAMEDATA.PAC	PB / GOF1 archive (key FA261EFB)	.IMG	00000000	68	83625808
C:/dev/frenchbread/aquat1c_dmp/Drill Milky Punch/DATA/SOUNDDATA.PAC	PB / GOF1 archive (key FA261EFB)	.WAV	52494646	86	44484410
C:/dev/frenchbread/benibara_rendan/files/Rosa Chinensis Four hand/Data/PAC.PAC	PB / GOF1 archive (key FA261EFB)	.FOB	02000000	1	6424
C:/dev/frenchbread/benibara_rendan/files/Rosa Chinensis Four hand/Data/PAC.PAC	PB / GOF1 archive (key FA261EFB)	.FOB	04000000	1	5030
C:/dev/frenchbread/benibara_rendan/files/Rosa Chinensis Four hand/Data/PAC.PAC	PB / GOF1 archive (key FA261EFB)	.FOB	07000000	4	55378
C:/dev/frenchbread/benibara_rendan/files/Rosa Chinensis Four hand/Data/PAC.PAC	PB / GOF1 archive (key FA261EFB)	.IMG	00000000	100	14243120
C:/dev/frenchbread/benibara_rendan/files/Rosa Chinensis Four hand/Data/PAC.PAC	PB / GOF1 archive (key FA261EFB)	.WAV	52494646	9	116792
C:/dev/frenchbread/benibara_rendan/files/Rosa Chinensis Four hand/Data/��.PAC	PB / GOF1 archive (key FA261EFB)	.MP3	fffb9204	3	3046500
C:/dev/frenchbread/yamayuri_rendan/files/omake/Rosa Chinensis Four hand/Data/PAC.PAC	PB / GOF1 archive (key FA261EFB)	.FOB	02000000	1	6424
C:/dev/frenchbread/yamayuri_rendan/files/omake/Rosa Chinensis Four hand/Data/PAC.PAC	PB / GOF1 archive (key FA261EFB)	.FOB	04000000	1	5030
C:/dev/frenchbread/yamayuri_rendan/files/omake/Rosa Chinensis Four hand/Data/PAC.PAC	PB / GOF1 archive (key FA261EFB)	.FOB	07000000	4	55378
C:/dev/frenchbread/yamayuri_rendan/files/omake/Rosa Chinensis Four hand/Data/PAC.PAC	PB / GOF1 archive (key FA261EFB)	.IMG	00000000	100	14241520
C:/dev/frenchbread/yamayuri_rendan/files/omake/Rosa Chinensis Four hand/Data/PAC.PAC	PB / GOF1 archive (key FA261EFB)	.WAV	52494646	9	116792
C:/dev/frenchbread/yamayuri_rendan/files/omake/Rosa Chinensis Four hand/Data/音.PAC	PB / GOF1 archive (key FA261EFB)	.MP3	fffb9204	3	3046500
C:/dev/frenchbread/yamayuri_rendan/files/data/00b.p	PAC v1 (RBO / GOF2, key E3DF59AC)		d993fe3d	1	6163022
C:/dev/frenchbread/yamayuri_rendan/files/data/00b.p	PAC v1 (RBO / GOF2, key E3DF59AC)	.MP3	fffa934c	6	12093070
C:/dev/frenchbread/yamayuri_rendan/files/data/00b.p	PAC v1 (RBO / GOF2, key E3DF59AC)	.MP3	fffa936c	8	20833653
C:/dev/frenchbread/yamayuri_rendan/files/data/00bg.p	PAC v1 (RBO / GOF2, key E3DF59AC)	.BGC	46434849	35	97289971
C:/dev/frenchbread/yamayuri_rendan/files/data/00bg.p	PAC v1 (RBO / GOF2, key E3DF59AC)	.MAP	464d4150	35	1071700
C:/dev/frenchbread/yamayuri_rendan/files/data/00bgt.p	PAC v0 (Melty Blood PC .p, key E3DF59AC)	.TXT	2f2f0d0a	43	313347
C:/dev/frenchbread/yamayuri_rendan/files/data/00bgt.p	PAC v0 (Melty Blood PC .p, key E3DF59AC)	.TXT	2f2f208a	1	90910
C:/dev/frenchbread/yamayuri_rendan/files/data/00bgt.p	PAC v0 (Melty Blood PC .p, key E3DF59AC)	.TXT	2f2f2094	45	320055
C:/dev/frenchbread/yamayuri_rendan/files/data/00bgt.p	PAC v0 (Melty Blood PC .p, key E3DF59AC)	.TXT	2f2f2f2f	1	678
C:/dev/frenchbread/yamayuri_rendan/files/data/00bgt.p	PAC v0 (Melty Blood PC .p, key E3DF59AC)	.TXT	5b444154	44	17681
C:/dev/frenchbread/yamayuri_rendan/files/data/00dm.p	PAC v0 (Melty Blood PC .p, key E3DF59AC)	.REP	4aa4408a	1	57904
C:/dev/frenchbread/yamayuri_rendan/files/data/00dm.p	PAC v0 (Melty Blood PC .p, key E3DF59AC)	.REP	bb63ff68	1	67288
C:/dev/frenchbread/yamayuri_rendan/files/data/00dm.p	PAC v0 (Melty Blood PC .p, key E3DF59AC)	.REP	d9fd8e62	1	75108
C:/dev/frenchbread/yamayuri_rendan/files/data/00dt.p	PAC v0 (Melty Blood PC .p, key E3DF59AC)	.EX3	4c4c4946	390	27783739
C:/dev/frenchbread/yamayuri_rendan/files/data/00dt.p	PAC v0 (Melty Blood PC .p, key E3DF59AC)	.TXT	2f2f2093	1	1443
C:/dev/frenchbread/yamayuri_rendan/files/data/00dt.p	PAC v0 (Melty Blood PC .p, key E3DF59AC)	.TXT	2f2f2096	1	201
C:/dev/frenchbread/yamayuri_rendan/files/data/00dt.p	PAC v0 (Melty Blood PC .p, key E3DF59AC)	.TXT	2f2f2f2f	2	8534
C:/dev/frenchbread/yamayuri_rendan/files/data/00dt.p	PAC v0 (Melty Blood PC .p, key E3DF59AC)	.TXT	5b444154	9	5479
C:/dev/frenchbread/yamayuri_rendan/files/data/00dt.p	PAC v0 (Melty Blood PC .p, key E3DF59AC)	.TXT	5b486561	129	1827775
C:/dev/frenchbread/yamayuri_rendan/files/data/00dt.p	PAC v0 (Melty Blood PC .p, key E3DF59AC)	.TXT_	5b486561	1	21930
C:/dev/frenchbread/yamayuri_rendan/files/data/00e.p	PAC v0 (Melty Blood PC .p, key E3DF59AC)	.WAV	52494646	75	2885118
