bank,images,t0,t1,t2,t3,t4,ha6,spriteUsedByAnyPattern,nonbody_unused,pat_mixed-follows+fixed,pat_rgb,pat_nosprite,pat_follows-palette,pat_fixed-indexed,pat_mixed-fixed,pat_indexed-palette-constant
akaakiha,1493,853,118,53,388,79,8,1456,16,9,59,8,26,12,23,
akiha,1424,749,298,302,0,75,8,1279,123,15,17,1,9,23,45,
aoko,1317,778,279,257,0,0,8,1307,1,12,7,,48,26,36,
arc,1527,988,382,0,0,156,8,1467,14,2,18,10,19,6,42,7
b_arc,1678,1032,475,147,22,0,5,1513,36,2,16,12,30,3,59,6
b_kohaku_m,1256,681,57,73,4,0,1,815,441,1,6,4,22,6,5,
b_m_hisui_p,1533,265,24,53,0,0,1,342,1191,1,1,3,7,3,2,
b_ryougi,1437,1232,176,11,14,4,2,1413,0,8,47,5,84,1,4,3
ciel,1489,1255,36,0,15,182,8,1400,13,46,3,1,21,22,5,
csel_akaakiha,36,36,0,0,0,0,1,,,,,,,,,
csel_akiha,33,33,0,0,0,0,1,,,,,,,,,
csel_aoko,37,37,0,0,0,0,1,,,,,,,,,
csel_arc,48,48,0,0,0,0,1,,,,,,,,,
csel_b_arc,42,42,0,0,0,0,1,,,,,,,,,
csel_ciel,33,33,0,0,0,0,1,,,,,,,,,
csel_hisui,27,27,0,0,0,0,1,,,,,,,,,
csel_kishima,38,38,0,0,0,0,1,,,,,,,,,
csel_kohaku,26,26,0,0,0,0,1,,,,,,,,,
csel_kohaku_M,26,26,0,0,0,0,1,,,,,,,,,
csel_len,47,47,0,0,0,0,1,,,,,,,,,
csel_m_hisui,37,37,0,0,0,0,1,,,,,,,,,
csel_m_hisui_M,37,37,0,0,0,0,1,,,,,,,,,
csel_m_hisui_p,37,37,0,0,0,0,1,,,,,,,,,
csel_miyako,27,27,0,0,0,0,1,,,,,,,,,
csel_nanaya,24,24,0,0,0,0,1,,,,,,,,,
csel_nechaos,15,15,0,0,0,0,1,,,,,,,,,
csel_neco,17,17,0,0,0,0,1,,,,,,,,,
csel_neco_p,17,17,0,0,0,0,1,,,,,,,,,
csel_nero,28,28,0,0,0,0,1,,,,,,,,,
csel_p_arc,49,49,0,0,0,0,1,,,,,,,,,
csel_p_ciel,19,19,0,0,0,0,1,,,,,,,,,
csel_ries,64,64,0,0,0,0,1,,,,,,,,,
csel_roa,31,31,0,0,0,0,1,,,,,,,,,
csel_ryougi,33,33,0,0,0,0,1,,,,,,,,,
csel_s_akiha,23,23,0,0,0,0,1,,,,,,,,,
csel_satsuki,49,49,0,0,0,0,1,,,,,,,,,
csel_shiki,44,44,0,0,0,0,1,,,,,,,,,
csel_sion,42,42,0,0,0,0,1,,,,,,,,,
csel_v_sion,35,35,0,0,0,0,1,,,,,,,,,
csel_warakia,30,30,0,0,0,0,1,,,,,,,,,
csel_warc,46,46,0,0,0,0,1,,,,,,,,,
csel_wlen,64,64,0,0,0,0,1,,,,,,,,,
effect,653,0,646,0,0,0,1,623,30,,127,25,,,7,
Hermes,182,30,51,2,34,65,1,175,7,3,9,8,,6,2,10
hisui,1238,971,146,0,0,120,8,1187,9,6,3,1,73,9,23,27
kishima,1301,739,455,94,0,11,8,1241,46,1,11,,13,4,45,
kohaku,1256,979,129,118,4,26,8,1181,47,5,19,4,41,16,19,
kohaku_m,1256,772,96,74,4,15,8,992,264,3,13,5,35,10,18,6
len,1364,888,231,245,0,0,8,1315,11,3,6,6,22,11,38,3
m_hisui,1533,887,163,465,0,18,8,1464,36,11,11,9,86,38,25,
m_hisui_m,1533,634,110,0,0,144,9,899,631,4,7,1,38,10,16,
m_hisui_p,1533,637,136,406,0,0,9,1175,354,16,12,14,40,28,23,
miyako,770,644,66,47,0,13,8,712,8,,8,,8,6,5,3
nanaya,1052,740,21,0,0,289,8,1034,2,1,2,1,15,36,3,
nechaos,1116,646,89,0,190,188,8,1034,40,20,13,12,75,15,4,
neco,849,521,142,125,57,3,8,813,10,17,6,9,48,5,6,3
neco_p,849,231,66,11,0,0,8,713,136,61,2,9,45,1,47,3
nero,1326,983,43,0,145,150,8,1261,27,12,11,,66,14,12,
p_arc,1087,556,428,86,1,16,5,1045,0,8,20,8,44,,59,1
p_arc_d,18,18,0,0,0,0,2,18,0,,,18,,,,
p_ciel,929,670,183,32,4,38,4,907,4,14,32,28,42,16,15,
ries,1154,734,290,73,1,56,9,1139,9,3,28,2,11,26,30,
roa,935,571,290,32,14,8,8,929,2,56,14,2,26,4,44,
ryougi,1437,1232,176,10,15,4,5,1412,0,8,48,8,89,,4,3
s_akiha,1326,849,262,116,0,98,8,1313,0,6,15,6,46,7,67,
satsuki,1115,735,177,189,0,13,8,1048,40,2,8,,10,30,17,27
shiki,1167,764,34,0,1,315,8,1047,113,4,2,,10,19,18,
sion,1154,869,119,146,0,11,8,1071,54,3,5,,20,6,12,
v_sion,1494,1005,183,280,0,23,8,1332,1,12,3,2,16,24,20,6
warakia,991,602,59,1,260,66,8,980,2,20,29,9,10,15,5,
warc,1409,807,247,42,196,116,8,1242,143,15,26,10,12,9,31,
wlen,1857,939,528,343,0,44,8,1762,29,7,17,,33,36,57,3
