bank,slots,type0_imgs,idx_used,idx_free,free_green_slot0,free_black_slot0,free_other_slot0,free_idx_varying_across_slots,slots_distinct
akaakiha,64,853,35,221,10,1,210,11,37
akiha,64,749,41,215,10,1,204,1,37
aoko,64,778,150,106,8,16,82,106,37
arc,64,988,71,185,1,181,3,3,37
b_arc,64,1032,71,185,7,175,3,3,37
b_kohaku_m,64,681,51,205,174,0,31,21,37
b_m_hisui_p,64,265,33,223,179,0,44,47,37
b_ryougi,64,1232,104,152,149,0,3,3,37
ciel,64,1255,65,191,13,177,1,3,37
Hermes,64,30,50,206,189,0,17,0,2
hisui,64,971,90,166,165,0,1,1,37
kishima,64,739,33,223,0,0,223,1,37
kohaku,64,979,81,175,174,0,1,2,37
kohaku_m,64,772,76,180,179,0,1,0,37
len,64,888,126,130,89,2,39,3,37
m_hisui,64,887,52,204,179,0,25,34,37
m_hisui_m,64,634,39,217,179,0,38,41,37
m_hisui_p,64,637,43,213,179,0,34,38,37
miyako,64,644,153,103,0,103,0,0,37
nanaya,64,740,25,231,1,9,221,0,37
nechaos,64,646,84,172,32,127,13,13,37
neco,64,521,85,171,155,0,16,23,37
neco_p,64,231,63,193,155,1,37,0,37
nero,64,983,65,191,185,0,6,6,37
p_arc,64,556,42,214,214,0,0,0,37
p_arc_d,64,18,22,234,214,0,20,18,37
p_ciel,64,670,80,176,175,0,1,1,37
ries,64,734,82,174,167,0,7,0,37
roa,64,571,51,205,203,0,2,0,37
ryougi,64,1232,104,152,149,0,3,3,37
s_akiha,64,849,56,200,192,0,8,2,37
satsuki,64,735,97,159,142,12,5,1,37
shiki,64,764,24,232,2,9,221,2,37
sion,64,869,94,162,3,25,134,140,37
v_sion,64,1005,150,106,49,0,57,3,37
warakia,64,602,46,210,81,2,127,2,37
warc,64,807,40,216,0,0,216,197,37
wlen,64,939,88,168,150,0,18,1,37
